experiments/fused-training-megakernel/IMPROVEMENTS.md,18,v0,scheduling,Instruction lookup scans offsets only,all,PROMOTED,many-instruction waves stopped being scan-dominated,scan indices not payloads
experiments/fused-training-megakernel/IMPROVEMENTS.md,23,v1,executor,Dataflow executor replacing wave barriers,nano/small,PROMOTED,nano 2.53->1.93-1.99ms; small 12.0->9.8ms,84 grid.syncs removed; sticky-instr fast path + atomic cursor
experiments/fused-training-megakernel/IMPROVEMENTS.md,31,v2,scheduling,Scheduler direct successor handoff,all,NO-GO,+14% step,push-at-completer loses to blocks self-claiming
experiments/fused-training-megakernel/IMPROVEMENTS.md,36,P3,executor,Region-watermark tile deps (df2),nano/small,NO-GO,df +300-400us both configs,no queue backlog to eat; parked as mode=df2
experiments/fused-training-megakernel/IMPROVEMENTS.md,49,P3,scheduling,qt-outer attention tile order,small,PROMOTED,small df 9268->9028 (-240us),long-pole tiles emitted where scheduler can overlap tail
experiments/fused-training-megakernel/IMPROVEMENTS.md,55,P4a,executor,Warp-spec scheduler offload (mode=ws),nano/small,NO-GO,final rechecks +78/+227us and +296/+335 0 paired wins,protocol wins at equal regs but 224-reg ceiling tax exceeds win
experiments/fused-training-megakernel/IMPROVEMENTS.md,69,P6,scheduling,Hot/cold criticality ready rings,all,PROMOTED,EMBED_FWD wait 91->0us; step -7/-38us; MK_ALLHOT +34/+65/+29,separate sink from chain work at claim time
experiments/fused-training-megakernel/IMPROVEMENTS.md,78,P6,gemm-dx,Tile-gated split-K fp32 dX routing,nano,PROMOTED,nano -27us; gate <32 MN tiles; +127/+467 under old ring,viable only once cold work stops contending
experiments/fused-training-megakernel/IMPROVEMENTS.md,86,P6,executor,Dispatch-spill kill: Instr staged in smem,all,PROMOTED,nano -125; small -484; ~8% uniform; df STACK 624->336,104B Instr live across dispatch switch spilled everywhere
experiments/fused-training-megakernel/IMPROVEMENTS.md,94,P6,scheduling,Claim quantum 264->132,all,PROMOTED,-27/-237us; every resweep keeps 132,cheap claims favor finer batches (Stream-K tail balance)
experiments/fused-training-megakernel/IMPROVEMENTS.md,103,unknown,scheduling,df completion-hint stickiness,all,PROMOTED,~-20us both configs,completer adopts enabled HOT dependent as sticky claim
experiments/fused-training-megakernel/IMPROVEMENTS.md,109,unknown,scheduling,cold_cap bounded cold blocks,per-shape,PROMOTED,cap16 small ~4110->4042; uncapped S>=2048; cap0 nano/S128; qwen-L1 cap0 22094 vs 29433,optimum tracks op speed and shape; L1/giant-sink wants uncapped
experiments/fused-training-megakernel/IMPROVEMENTS.md,122,unknown,rowop,Rowop claim floor MK_ROWOP_CLAIM 2/4,small,NO-GO,+275/+838us,tail balance beats claim amortization
experiments/fused-training-megakernel/IMPROVEMENTS.md,127,unknown,executor,MPK-topology probe (scheduler block + gmem mailboxes),probe,NO-GO,5.09us/hop vs df ~3.0; prefetch worse 9.86,two cross-SM signals per hop lose to self-claiming
experiments/fused-training-megakernel/IMPROVEMENTS.md,134,unknown,scheduling,Cold-ring demotion of attention ops,small/long-S,NO-GO,DQ demote 4063->4500us; DKV +41.3us 1/24,profile off-path-ness is not schedulable slack
experiments/fused-training-megakernel/IMPROVEMENTS.md,142,unknown,itax-dag,Per-layer non-state scratch (false WAR/WAW removal),nano,NO-GO,deps 2030->1190 but timing 1226.8/1237.2 flat/worse,false deps never binding under hot/cold scheduler
experiments/fused-training-megakernel/IMPROVEMENTS.md,148,unknown,scheduling,Attention-bwd DQ-first instruction order,S4096/qwen,NO-GO,4266.7 vs 4304.7us 19/20 control; qwen -0.9/+9.6,enqueue order is not a dependency edit
experiments/fused-training-megakernel/IMPROVEMENTS.md,155,unknown,scheduling,Long-S idle-poll cadence MK_IDLE_NS 256->32,S2048-S8192,PROMOTED,S3072 -11.1; S4096 -11.2; post-band S2048 -12/-15; S8192 -11.2,256ns sleeps strand work when ready set turns over fast
experiments/fused-training-megakernel/IMPROVEMENTS.md,164,unknown,attention,D=128 attention claim-1,qwen,FLIP-PROMOTED,standalone -48/-75/-85us per op; in-model +37.3/+35.1 post-sparse-embed ~31/32,claim-batching straggler law; recheck absorbed no-gos after schedule changes
experiments/fused-training-megakernel/IMPROVEMENTS.md,174,unknown,rowop,Early dXN zero-fill (move to wave 0),nano/S1024,NO-GO,nano +3.1; S1024 +2.8us,steals wave-0 bandwidth from embedding gather
experiments/fused-training-megakernel/IMPROVEMENTS.md,180,unknown,rowop,Drow zero-fill skip on direct-store shapes,S256/S512,PROMOTED,S256 +7.9/+1.8; S512 +0.9/+2.2 zero-minus-skip; small prefers fill,dead work only free if its slot wasn't absorbing contention
experiments/fused-training-megakernel/IMPROVEMENTS.md,188,unknown,attention,Noinline fat attention ops (D128 five + D64 trio),all,PROMOTED,small 3660->3511; S8192 -502 vs cert,fat inline frames push spills into scheduler claim loop
experiments/fused-training-megakernel/IMPROVEMENTS.md,197,unknown,executor,n256 fanout trampoline,all,NO-GO,neutral twice above and below pressure cliff,call-site count was not the pressure source; fat frames were
experiments/fused-training-megakernel/IMPROVEMENTS.md,202,unknown,infra-process,Dead-code compile gating (n256 family),small,NO-GO,3662->3736 removing 500+ dead lines,noreturn trap perturbed hot dispatch CFG
experiments/fused-training-megakernel/IMPROVEMENTS.md,208,unknown,scheduling,Band/claim/order knob sweeps at S8192 bwd attention,S8192,NO-GO,bands already 77-83% packed; knobs recover <=10%,compute packing efficiency from iclk timeline first
experiments/fused-training-megakernel/IMPROVEMENTS.md,216,Jul7,scheduling,Small idle_ns 256->64,small,PROMOTED,~-20us; 32/64/128 all beat 256 in 10 paired runs post-SKR,poll cadence recheck after hop-length distribution changes
experiments/fused-training-megakernel/IMPROVEMENTS.md,223,Jul7,scheduling,MK_CLAIM 64/264 + cold_cap 8/32 small post-SKR recheck,small,NO-GO,claim +468/+131 0/40; cold_cap died at 120 reps,sub-6us 40-rep verdicts are noise; require 120+ reps
experiments/fused-training-megakernel/IMPROVEMENTS.md,232,v1,attention,Attention bwd split over GQA members + kv chunks,all,PROMOTED,dKV worst instr 190->47us,split along natural parallel axes before tuning inside
experiments/fused-training-megakernel/IMPROVEMENTS.md,238,v2,attention-fwd,Split-KV forward + combine op (C=4),nano/small,SUPERSEDED,nano neutral; small +5%,machinery later became the long-S fwd banding win
experiments/fused-training-megakernel/IMPROVEMENTS.md,246,P5,attention,FA-class WGMMA attention trio D=64,small,PROMOTED,small 9028->7118; fwd 3.34/5.63x dkv 2.1/3.3x dq 2.2/4.9x standalone,dual-major no-swizzle 64x64 smem; descriptor-level transposes
experiments/fused-training-megakernel/IMPROVEMENTS.md,257,unknown,attention,Attention chunk counts MK_ATTN_DKV_C/DQ_C,per-shape,PROMOTED,small 1/1 confirmed; qwen D128 C=1; generic D128 Cq 4->1 -85/-95us,in-model scheduling optimum not op optimum; resweep after structural rounds
experiments/fused-training-megakernel/IMPROVEMENTS.md,269,unknown,attention-fwd,FA2-style software-pipelined fwd MK_ATTN_PIPE,small,NO-GO,fwd span 245->297; step +245us,pipeline depth not free below ~1/8 occupancy
experiments/fused-training-megakernel/IMPROVEMENTS.md,277,unknown,attention,Attention loader lane remap (conflict-free INTER stores),all,NEUTRAL,fewer smem port cycles; timing flat,bank conflicts only matter where fill is exposed
experiments/fused-training-megakernel/IMPROVEMENTS.md,282,unknown,attention-dkv,DKV S/dP wgmma x2 batching first attempts,small/S2048/S4096,SUPERSEDED,totals 1145/4325->1169/4511; DQ x2 +3.9/+14.1,won later whole via 5b8b3db fused-ALU restructure + dispatch unspill
experiments/fused-training-megakernel/IMPROVEMENTS.md,293,unknown,attention-dkv,DKV G2 fusion (GQA-pair tiles per KV tile),small/S2048/S4096,NO-GO,+221/+323/+455; control 80/80,lost G-parallelism dominates saved reloads and drains
experiments/fused-training-megakernel/IMPROVEMENTS.md,299,unknown,attention-fwd,Forward register-direct O epilogue,nano/S4096,NO-GO,nano 1247/1230; S4096 4298/4262 variant/control,smem-coalesced O drain already hidden; register-direct scatters
experiments/fused-training-megakernel/IMPROVEMENTS.md,307,unknown,attention-dq,DQ epilogue family (C=1 direct/register-direct/float2),small/long-S,PROMOTED,small -23; S4096 -66/-40; S8192 -30; chunked C>1 atomics NO-GO,Cq=1 single writer deletes staging and atomics
experiments/fused-training-megakernel/IMPROVEMENTS.md,317,2026-07-04,attention-dkv,DKV epilogue family (direct atomic -> float2),all D64,FLIP-PROMOTED,-17.8 nano..-49.4 small; float2 -5.7..-55.5 long-S; forced-old loses -29..-94,epilogue verdicts not permanent; resweep after route changes
experiments/fused-training-megakernel/IMPROVEMENTS.md,327,unknown,attention,Attention tail-barrier elision,nano/small/S4096,NO-GO,1240->1276; 4328->4515; 4267->4430; 0 paired wins,final syncs cheaper than the runtime branch guarding them
experiments/fused-training-megakernel/IMPROVEMENTS.md,334,unknown,attention,Masked-work skip family,nano/small/S3072/S4096,NO-GO,masked-exp small +223 nano +31; dQ split-mask +42/+46,per-element branch cost overwhelms saved SFU work
experiments/fused-training-megakernel/IMPROVEMENTS.md,342,P4b,attention,C=1 straggler diagnosis + banded bwd chunking,S2048-S8192,PROMOTED,S8192 -531.7/-524.6; S4096 -80.7/-78.7; 40/40 everywhere,work-proportional splitting of only the long causal tiles
experiments/fused-training-megakernel/IMPROVEMENTS.md,354,P4b,attention,Short-S banding,S512/S1024,NO-GO,S512 T4 +15.2us; degenerate T loses +22..+70,straggler fixes need a straggler; gate S>=2048
experiments/fused-training-megakernel/IMPROVEMENTS.md,359,P4b,scheduling,Band emission order (lpt vs dq_first),S8192,PROMOTED,dq_first S8192 -88/-105us 16/16; broadening loses +9..+63,starved consumer only at S8192; elsewhere waits are absorbed overlap
experiments/fused-training-megakernel/IMPROVEMENTS.md,368,P4b,attention-fwd,Forward banding (flash-decoding partials + combine),S2048-S8192,PROMOTED,S8192 T64 -452/-481; band-off recheck +525us 0/16,reuses parked split-KV ops; sharp T optima; bf16 partials cost ~2x error
experiments/fused-training-megakernel/IMPROVEMENTS.md,377,P4b,attention,Band budget retunes (T per shape),S2048-S8192,PROMOTED,S4096 T29 -60us x3; S2048 T12 -30/-37; S8192 T40 -88/-110,every structural change moves the packing balance
experiments/fused-training-megakernel/IMPROVEMENTS.md,385,P4b,attention-fwd,Combine row batching MK_ATTN_COMBINE_R=8,S3072-S8192,PROMOTED,-33/-28; -28/-24; -69/-46us,combine tile was one row = 2-4k tiny claim transactions
experiments/fused-training-megakernel/IMPROVEMENTS.md,392,P4b,attention-fwd,Combine weight-array unroll,S8192/S4096,PROMOTED,S8192 -29/-44; S4096 +18.4/+7.3; S3072 regresses,dynamically-indexed local array was the only real local traffic
experiments/fused-training-megakernel/IMPROVEMENTS.md,400,P4b,attention-onepass,Fused one-pass attention bwd (dQ inside DKV),S4096,NO-GO,+119us 0/40 parity clean,write amplification: fp32 atomic stores don't cache; saved K/V re-reads were L2-resident
experiments/fused-training-megakernel/IMPROVEMENTS.md,409,P4b,attention-fwd,Fwd KV-widening w128 (FA4-B port),S512-S8192,NO-GO,S4096 +18.7 despite +11-19% standalone; partials port +23/+25,absorption strike 5; halved boundary cost lands off the realized path
experiments/fused-training-megakernel/IMPROVEMENTS.md,419,P4b,attention-dkv,DKV row-scalar broadcast (LSE/Drow via shuffle),S8192,SUPERSEDED,-16.9/-14.0 promoted; post-mbar-ring forced-old wins -32.4/-30.8 16/16,micro-wins near noise floor are composition-fragile; un-promote
experiments/fused-training-megakernel/IMPROVEMENTS.md,428,P4b,attention-dkv,Cheap DKV cross-stage reschedule (no extra smem),probe,NO-GO-CORRECTNESS,test_ops hung at RUN DKV_WG twice,buffer reuse deadlocks without full ping-pong/ring ownership
experiments/fused-training-megakernel/IMPROVEMENTS.md,435,Jul6,attention-dkv,S/dP one-commit batch + fused ALU (dkv+dq),all D64,PROMOTED,S8192 -113/-94 both orders,deletes a warpgroup drain + P smem round-trip per 64-row stage
experiments/fused-training-megakernel/IMPROVEMENTS.md,444,Jul6,attention-fwd,Fwd PV cross-stage pipeline (triple-buffered K/V),S8192/small,PROMOTED,S8192 -47 isolated; small -17; bitwise parity,drain-hiding pays only where the op monopolizes the machine
experiments/fused-training-megakernel/IMPROVEMENTS.md,451,Jul6,attention,D=128 WGMMA attention trio (fwd/dkv/dq WG128),qwen,PROMOTED,qwen4b-l1 -1586/-1846us env; ~9% of step,split-D across warpgroups; redundant-S; P-parking
experiments/fused-training-megakernel/IMPROVEMENTS.md,462,Jul6,attention-dq,D=128 dQ row-split + register-A dS feed,qwen,PROMOTED,dQ span 317.6->186.0us; op 103.65->99.62; dKV S^T feed NO-GO,keeps single-writer epilogue; deletes dS smem+fence+sync; measure binary-wide tax
experiments/fused-training-megakernel/IMPROVEMENTS.md,473,Jul6,attention-fwd,D=128 fwd mbarrier ring,qwen,PROMOTED,+38.1/+31.7 old-minus-new; fwd span 225->131.5,two-stage K/V mbarrier ring removes forward stage boundary
experiments/fused-training-megakernel/IMPROVEMENTS.md,482,v0,gemm-fwd,Vectorized coalesced tile loads all four layouts,all,PROMOTED,+2x,vectorize global loads before anything else
experiments/fused-training-megakernel/IMPROVEMENTS.md,486,v0,gemm-fwd,Register-prefetch K-loop pipelining,all,PROMOTED,single-buffered was latency-bound ~33us/wave,1-deep prefetch beats none; more depth needs occupancy
experiments/fused-training-megakernel/IMPROVEMENTS.md,490,v0,gemm-dw,Split-K for tiny-tile matrices,all,PROMOTED,dlogits@Wlm K=8192 145->40us,worth it only while tiles << blocks
experiments/fused-training-megakernel/IMPROVEMENTS.md,496,unknown,gemm-fwd,cp.async BK=64 WMMA rewrite,all,NO-GO,~-10% in-model; microbench flat,WMMA surgery is not a Hopper pipeline
experiments/fused-training-megakernel/IMPROVEMENTS.md,501,v2,gemm-fwd,wgmma NT path,small,PROMOTED,small ~4%; branch-free accumulate ~94% per-SM peak,data-dependent ternary between arrive/commit serializes every wgmma
experiments/fused-training-megakernel/IMPROVEMENTS.md,510,v2,gemm-fwd,m64n64 retile + smem-staged vectorized epilogue,nano,PROMOTED,1.93->1.85ms,32 accumulators restore block density; coalesced staged stores
experiments/fused-training-megakernel/IMPROVEMENTS.md,517,unknown,gemm-fwd,Deeper wgmma mainloops (3/4-stage),small,NO-GO,NT heavy hitters flat ~50/~224/~46us,limiter was stage fill (bank conflicts) not depth
experiments/fused-training-megakernel/IMPROVEMENTS.md,524,unknown,tma-smem,SW128 swizzled operand slabs,all,PROMOTED,GEMMNN 516->254us; scoreboard 1468->1260 nano / 5626->4465 small,no-swizzle INTER made cp.async stores 8-way bank-conflicted
experiments/fused-training-megakernel/IMPROVEMENTS.md,532,unknown,gemm-fwd,m64n128 (n128) tiles,small,PROMOTED,NT -146; NN -28; lm_head span 280->194,64 accs fit 255 regs; half B-traffic per FLOP
experiments/fused-training-megakernel/IMPROVEMENTS.md,541,unknown,gemm-fwd,n128 feed/store variants,small,NO-GO,stage3 +66.6us 0/400; direct-store +16.8,n128 win was tile geometry not feed depth
experiments/fused-training-megakernel/IMPROVEMENTS.md,546,unknown,gemm-fwd,Direct-BF16 GEMM epilogue (skip smem drain),S128/small,PROMOTED,S128 -1..-5us; post-n128 small -27.8/-27.0 80/80,exact-shape gate; do not broaden
experiments/fused-training-megakernel/IMPROVEMENTS.md,552,unknown,lm-head,Fat lm-head tiles (staged 128x256),qwen,NO-GO,160KB page fails cooperative launch; 100KB variant loses generally,per-op smem appetite is a global tax; became the n256 route
experiments/fused-training-megakernel/IMPROVEMENTS.md,561,unknown,qwen,qwen n256 direct-store route family,qwen,PROMOTED,qwen step 22.1ms->~8.5ms compounded; broad-route rejections elsewhere,giant-K/N rows amortize 256-wide tiles; kill sk==1 atomics on sight
experiments/fused-training-megakernel/IMPROVEMENTS.md,574,unknown,qwen,n256 stage3 operand ring + N-major tile order,qwen,PROMOTED,stage3 +424/+387 old-minus-new 32/32; N-major +35..+87,148KB page already funded; respend it on feed depth
experiments/fused-training-megakernel/IMPROVEMENTS.md,584,unknown,tma-smem,mbarrier feed-ring for GEMM,long-S/qwen,FLIP-PROMOTED,generic NO-GO nano +15.2; gated: small -76.0 80/80; S8192 -150.1; qwen -169/-191,ring pays only where CTA-sync refill was an exposed boundary
experiments/fused-training-megakernel/IMPROVEMENTS.md,597,unknown,architecture,Cluster B-sharing family (DSMEM/TMA multicast),probe,NO-GO,pair probe 46.7 vs 44.1us plain cp.async,GMMA descriptor can't encode cluster rank; L2 already dedupes B
experiments/fused-training-megakernel/IMPROVEMENTS.md,608,unknown,gemm-dx,Deep SW128 stages for long-K dX (S8),probe,NO-GO,187.4->175.8 standalone but 208KB page costs +6..+95us,global-smem-page law makes standalone wins unroutable
experiments/fused-training-megakernel/IMPROVEMENTS.md,614,unknown,lm-head,256-row supertile + NT-floor diagnosis,probe,VALIDATED-PARKED,NT lm_head 177->144us (+18%) standalone; NT floored 1.66x vs nvjet,C-write rate 0.95 vs 1.54 TB/s; residual is DRAM writeback policy
experiments/fused-training-megakernel/IMPROVEMENTS.md,624,unknown,gemm-fwd,NN transpose-staging (K-major via smem transpose),probe,NO-GO,NT 12.93 vs NN 12.96us; explicit transpose +2.4us,NN penalty lives at in-model shell level not the descriptor
experiments/fused-training-megakernel/IMPROVEMENTS.md,630,unknown,executor,Post-spill side probes (splitK-direct/noinline/iclk/claim264),small,NO-GO,3596/3608/3592 vs clean 3569us,remaining local traffic is ABI-frame class; stop hunting spill at LD zero
experiments/fused-training-megakernel/IMPROVEMENTS.md,639,Jul6,qwen,TMA feed for qwen n256 mbar ring (NN dX + TN dW),qwen,PROMOTED,qwen4b-l1 -622us merged head 9695->9073,elected-thread bulk-tensor replaces 12 slices + 256 arrivals; off-path TN dW frees issue slots
experiments/fused-training-megakernel/IMPROVEMENTS.md,653,Jul6,tma-smem,TMA feed at H256/D64 n256 shapes boundary sweep,s3072/s4096/s8192,PROMOTED,s3072 -7.1/-10.2 WIN; s4096 +6.1/+11.9 NO-GO; s8192 +27.3/+33.6 NO-GO,eligibility is a K-length question; long-K rows only
experiments/fused-training-megakernel/IMPROVEMENTS.md,668,v0,rowop,Warp-parallel qk-norm with smem-staged grad atomics,all,PROMOTED,~8% of step,stage tiny-buffer atomics through smem
experiments/fused-training-megakernel/IMPROVEMENTS.md,673,v1,rowop,Vectorized fills/converts + per-layer fp32 workspaces,all,PROMOTED,16K-chunk fill/convert,shared scratch chained layers through its zero-fill
experiments/fused-training-megakernel/IMPROVEMENTS.md,680,P1,rowop,CVT hop deletion via dy_f32 consumers,nano,PROMOTED,5 on-path CVT hops 112/346us; nano 1888->1833,convert-at-consumer beats convert-as-instruction
experiments/fused-training-megakernel/IMPROVEMENTS.md,687,unknown,rowop,Batched row ops MK_ROW_R=8 warp per row,nano/small,PROMOTED,nano -117; small -722; rowop spans 1.35-3.3x,warp-shuffle reductions delete 3 block barriers; one atomic per element per 8 rows
experiments/fused-training-megakernel/IMPROVEMENTS.md,694,unknown,rowop,RMSNorm-bwd row-gradient reduction (private partials),small,PROMOTED,on-path span 674->224us,8 row warps contended atomically on one shared [H] buffer
experiments/fused-training-megakernel/IMPROVEMENTS.md,700,unknown,rowop,Rowop MLP split R2=16 + register-lifetime law,nano/small,PROMOTED,nano -12; small -30; RMSNORM_BWD 565->467; caching reverts +240/+58/+142,register-resident reuse loses at 8 warps/SM; short lifetimes + more streams
experiments/fused-training-megakernel/IMPROVEMENTS.md,711,unknown,ce,op_ce_bwd uint4 IO,small,PROMOTED,CE_BWD 79->46us; two-row tile refuted,vectorize the V-wide pass; don't halve saturated tiles
experiments/fused-training-megakernel/IMPROVEMENTS.md,716,unknown,rowop,RMS four-row folds (BWD_R4/DX_R4),all,NO-GO,small +26.6 despite span 466->444; DX_R4 kept only H256/S2048,folding halves parallelism to save reduction work the machine had spare
experiments/fused-training-megakernel/IMPROVEMENTS.md,725,unknown,rowop,RMSNorm bwd dx/dw split,small,PROMOTED,small -8/-7; QKNORM dx/dw split NO-GO twice,pays when the dw atomic drain is the binding dependency
experiments/fused-training-megakernel/IMPROVEMENTS.md,734,P4b,rowop,QKNORM/ROPE-bwd V-passthrough split (split-V),S3072-S8192,FLIP-PROMOTED,S8192 -34.6/-63.5; S4096 -9.6/-12.4; S3072 -11/-13; short-S NO-GO,extra op's dependency cost outweighed until op long enough
experiments/fused-training-megakernel/IMPROVEMENTS.md,743,unknown,rowop,SwiGLU backward worker-count arc (R2/2W/3W/4W),per-shape,PROMOTED,small 4W -132/-121 after earlier +10.5 NO-GO; qwen 4W +356/+330,warps-per-row is a shape x scheduler knob; optimum moved every round
experiments/fused-training-megakernel/IMPROVEMENTS.md,755,unknown,rowop,SwiGLU sigmoid cache arc,per-shape,SUPERSEDED,cache WIN small -13.4 then cache-off wins -25.7/-22.7 post-4W; qwen rejected +95,memoization is a bandwidth-vs-SFU trade; re-measure per access pattern
experiments/fused-training-megakernel/IMPROVEMENTS.md,764,unknown,rowop,qk-norm bwd caches (D64/D128 cached-pair),all,PROMOTED,D64 -6.7..-30.5 across shapes; D128 qwen +25.5/+26.8 old-minus-new,cache to delete a second pass not to avoid a re-read
experiments/fused-training-megakernel/IMPROVEMENTS.md,772,unknown,rowop,Fixed-width RMS dx bodies (H256/H512/H2560 exact),H256 subset,PROMOTED,H256 S8192 -25/-43; H512 exact NO-GO; qwen H2560 R4 NO-GO,specialization pays only where the op is exposed on-path
experiments/fused-training-megakernel/IMPROVEMENTS.md,780,unknown,rowop,QKNORM_ROPE_BWD per-warp dw partials,small/S4096/S8192,PROMOTED,-21; -17; -43/-66us,per-lane atomics into one shared [D] array serialized ~30x above floor
experiments/fused-training-megakernel/IMPROVEMENTS.md,788,unknown,ce,CE fwd/bwd fusion OP_CE_FWD_BWD,qwen,NO-GO,-110 one order; +29 reverse; fused span 327 vs 34.7+296.4,spans concatenate; fusion must change dataflow not instruction count
experiments/fused-training-megakernel/IMPROVEMENTS.md,796,unknown,ce,CE_BWD label fixup (branch-free vocab loop),qwen/S8192/small,PROMOTED,qwen -26/-25; S8192 -44.8/-31.8 16/16; small -2.7/-3.3,removes per-element compare from V-wide hot loop
experiments/fused-training-megakernel/IMPROVEMENTS.md,804,unknown,ce,CE ignore-row skip,small/S1024,NO-GO,S1024 +9.5; recheck -2.6 then +19.4 reverted,weak win failing order reversal is a loss
experiments/fused-training-megakernel/IMPROVEMENTS.md,812,unknown,rowop,Sparse embedding-gradient clear,qwen,PROMOTED,+234/+254us old-minus-new 32/32 both,full [V;H] fill was 389M fp32 zeros per step; clear-what-you-touched
experiments/fused-training-megakernel/IMPROVEMENTS.md,820,unknown,fusion,SSQ fused epilogue defaults (bit13),per-shape,NEUTRAL,off at S2048/S3072 (+8.4/+3.0; +3.4/+7.7); small/nano confirmed on,even free fused reductions have a shape-dependent price
experiments/fused-training-megakernel/IMPROVEMENTS.md,828,unknown,rowop,Rowop long-S gap decomposition,S4096/S8192,CLOSED-BY-ANALYSIS,op cost ~260 vs baseline 254us = body parity,bucket is critical-path stretch from co-scheduling; QKNORM S8192 genuinely body-bound
experiments/fused-training-megakernel/IMPROVEMENTS.md,839,v2,fusion,qk-RMSNorm+RoPE fused into qkv gemm epilogue (bit8),D64,PROMOTED,kills 1 chain instr/layer; unfuse rechecks NO-GO twice,epilogue fusion pays when tile boundary IS the op boundary
experiments/fused-training-megakernel/IMPROVEMENTS.md,846,unknown,fusion,SwiGLU paired-column tiles (bit9),nano/small,NO-GO,+88/+297; silent 320B spill -8% everywhere,fusion reducing tile count needs tile-granular deps; check res-usage always
experiments/fused-training-megakernel/IMPROVEMENTS.md,854,unknown,fusion,CE/LSE partials in lm_head epilogue (bit11),all,NEUTRAL,within noise; cheapens the CE hop ~5x for free,keep free reductions riding an existing epilogue
experiments/fused-training-megakernel/IMPROVEMENTS.md,860,unknown,gemm-dx,wgmma NN/TN bwd routing,nano/small,FLIP-PROMOTED,NO-GO x3 (nano 1.85->2.05ms) then NN>=64 tiles wins post-SW128,routing no-go was a fill-bound body bug in disguise
experiments/fused-training-megakernel/IMPROVEMENTS.md,868,unknown,gemm-dx,NN threshold ladder MK_WGMMA_NN_MIN,per-shape,PROMOTED,nano 16: -18.6/-19.8 479/480; S1024 32: -108 180/180; late narrowing at small +28.7..+56.5,thresholds are measurements not constants; per exact shape
experiments/fused-training-megakernel/IMPROVEMENTS.md,879,unknown,gemm-dw,TN dW wgmma routing,long-S/small,FLIP-PROMOTED,first +226/+570 NO-GO; gated S8192 -333 S4096 -94/-107; forced-off +161..+174 0/40,sink routing depends on chain bandwidth need at that moment
experiments/fused-training-megakernel/IMPROVEMENTS.md,888,unknown,fusion,Drow/dOatt fused-epilogue route arc,per-shape,PROMOTED,wgmma-epilogue Drow -43us small; S4096 -30/-25; qwen n256 +152/+120,route width and fusion are separate decisions; measure each pairing
experiments/fused-training-megakernel/IMPROVEMENTS.md,897,unknown,gemm-dx,head-dX split-K target arc (dlogits @ Wlm),per-shape,PROMOTED,512->256 (-21/-28)->per-shape 96/64/32; sk=1 no-atomic -7.7..-21.9,re-derive split targets after every route change; kill sk==1 atomics
experiments/fused-training-megakernel/IMPROVEMENTS.md,906,unknown,gemm-dw,Cold dW split-target arc,all,PROMOTED,192/128: -57 nano -232 small; 96/64: -27..-75,deliberately under-parallelize sinks; they only need to finish by step end
experiments/fused-training-megakernel/IMPROVEMENTS.md,914,unknown,gemm-dx,dX split side-knobs,all,NO-GO,dxwg split-K +80..+122 0 wins; nano n128 split +110..+188,the <32-tile split-K gate survived every attack
experiments/fused-training-megakernel/IMPROVEMENTS.md,920,unknown,lm-head,lm-head n128 per-shape gates,short-S/nano/deep,PROMOTED,S128 -49.8; deep -38.1; small forced-off loses -48.9; S256 late off +6.5/+5.9,gate by row count with per-shape overrides; re-verify survivors
experiments/fused-training-megakernel/IMPROVEMENTS.md,929,unknown,fusion,Fused-qkrope tile widening,long-S,PROMOTED,n128 two-head S3072/S4096 -41/-43 40/40; S8192 +56/+52 old-minus-new; n256 NO-GO +34/+25,widen only to the width the epilogue math actually tiles
experiments/fused-training-megakernel/IMPROVEMENTS.md,937,unknown,lm-head,n256 direct routes for long-S head block,S3072-S8192,PROMOTED,S3072 -52/-58; S4096 -45/-54; S8192 -245/-247; loses small/S2048 +99/+66,exact-shape gates rot; re-audit existing routes for new shape classes
experiments/fused-training-megakernel/IMPROVEMENTS.md,945,unknown,fusion,Epilogue fusion phase 1 (MLP rmsnorm dissolution),long-S/small,NO-GO,long-S +10-19 worse; small wash,hop replacement is not hop deletion
experiments/fused-training-megakernel/IMPROVEMENTS.md,953,unknown,fusion,Epilogue fusion phase 2 (MLP xn2 deletion via scaled dW B-load),probe,NO-GO,+16.32/+15.58us 1/40+0/40,scaled operand feed is on-path arithmetic not free traffic deletion
experiments/fused-training-megakernel/IMPROVEMENTS.md,965,Jul7,gemm-dx,head-dX SKR in-model port (splitK + separate reduce),small/nano/deep,PROMOTED,small skr=2 -115/-112 40/40 x4; nano/deep skr=4 -12/-31..-35; s128/s256/s2048 NO-GO,one giant sub-wave long-K gemm amortizes one reduce; never per-layer
experiments/fused-training-megakernel/IMPROVEMENTS.md,978,Jul7,gemm-dx,head-dX SKR at s3072/s4096 (round 4),s3072/s4096,PROMOTED,-118.6/-120.6 40/40 and -90.0/-75.6; forced-old +95.2/+89.4,sub-wave n256 tiles worse than more n128 tiles when CTAs<<SMs
experiments/fused-training-megakernel/IMPROVEMENTS.md,993,Jul7,lm-head,lm_head fwd n256 resweep cascade,small/s1024/s2048,FLIP-PROMOTED,-33/-23; -11/-12; -25/-21 both orders,same-day SKR and mbar-ring promotions flipped correctly-rejected cells
experiments/fused-training-megakernel/IMPROVEMENTS.md,1003,Jul7,lm-head,lm_head fwd n256 short-S boundary at 9199394,s128/s256/nano,NO-GO,s128 +37.20/+21.50 0/80; s256 +14.96/+11.50; nano sub-noise,n256 needs enough rows to fill its fatter tile; keep the gate
experiments/fused-training-megakernel/IMPROVEMENTS.md,1017,v0,precision,fp32 WMMA smem strides multiple of 4,all,LAW,silent corruption otherwise,encode alignment constraints structurally
experiments/fused-training-megakernel/IMPROVEMENTS.md,1022,unknown,precision,Attention LSE fast-log (__logf),per-shape,PROMOTED,small -20.1; S2048 -15.2; S128 -9.7; small later flipped precise +1.3/+1.5,approx wins are composition-fragile; guard the flag against rot
experiments/fused-training-megakernel/IMPROVEMENTS.md,1030,unknown,precision,WGMMA attention exp2.approx,D64 S>=512,PROMOTED,small -37.7; S2048 -20.1; precise recheck loses -28.8/-25.7; S128 regressed,SFU-approx pays on softmax-heavy long ops; gate out shortest shapes
experiments/fused-training-megakernel/IMPROVEMENTS.md,1036,unknown,precision,lm-head CE-partial exp2,V>=8192 S>=256,PROMOTED,small -57.0; S2048 -66.0; nano -19.6,online sumexp in a giant-N epilogue is the one hot exp
experiments/fused-training-megakernel/IMPROVEMENTS.md,1041,unknown,precision,CE forward fast-log / exp2,all,NO-GO,exp2 -7..-37 one order; +7..+18 reversed; reverted,construction-order artifact; the both-order gate exists for this
experiments/fused-training-megakernel/IMPROVEMENTS.md,1048,unknown,precision,CE backward exp2,S>=1024 V>=8192,PROMOTED,small -35.7/-34.4; S2048 -16.5/-22.0; precise loses -14.0/-12.5,gate by where the op is hot not by op name
experiments/fused-training-megakernel/IMPROVEMENTS.md,1054,unknown,precision,SwiGLU arithmetic forms,per-shape,PROMOTED,FMA derivative WIN nano -8.2 small -16.8; __frcp_rn NO-GO; exp2 sigmoid NO-GO,only contraction-safe FMA rewrites are broadly safe
experiments/fused-training-megakernel/IMPROVEMENTS.md,1063,unknown,precision,Attention output fast-inv (__frcp_rn),all,NO-GO-CORRECTNESS,40-step loss 9.05->7.15 vs required 2.0 drop,systematic normalization error compounds across steps; need trajectory check
experiments/fused-training-megakernel/IMPROVEMENTS.md,1070,unknown,precision,Attention dS FMA rewrite,mixed,NO-GO,gated retest +2.05 overall; small retest fails order gate,shape-split wins on code shape alone are not gateable
experiments/fused-training-megakernel/IMPROVEMENTS.md,1076,unknown,precision,RMS dx FMA opcode,H256/S128,PROMOTED,-5.6/-6.0 as routed opcode only; broad flag mixed,routed opcode beats compile flag; isolation beats gating
experiments/fused-training-megakernel/IMPROVEMENTS.md,1084,unknown,executor,Occupancy via register cap (MK_OCC2),nano/small,NO-GO,P4b re-run +32%/+40%; REG:128 STACK:944,occupancy-via-spill decisively loses
experiments/fused-training-megakernel/IMPROVEMENTS.md,1093,unknown,tma-smem,Dynamic-smem default correction (100KB),nano/small,PROMOTED,nano -7/-5; small -5/-13,120KB carveout had leaked in as a global default
experiments/fused-training-megakernel/IMPROVEMENTS.md,1099,unknown,tma-smem,Global smem page tax,all,LAW,208KB controls +6.1 nano +42.2 small +94.9 S8192; 160KB fails launch,dynamic-smem request taxes every shape; share funded pages
experiments/fused-training-megakernel/IMPROVEMENTS.md,1107,Jul6,infra-process,Launcher smem-attribute caching fix + ws 256B offset,all,PROMOTED,would have bitten any D=128 landing,re-apply per-launch attributes that can grow; leave carveout headroom
experiments/fused-training-megakernel/IMPROVEMENTS.md,1117,unknown,executor,mk_tid()/group-derived barrier helper,all,PROMOTED,legacy revert loses: nano 1189/1262 small 4212/4508; df STACK 144->32,judge helpers by measurement not by motivating feature survival
experiments/fused-training-megakernel/IMPROVEMENTS.md,1125,unknown,architecture,Cooperative cluster launch MK_CLUSTER_X=2,all,NEUTRAL,launch-only A/B -2.7us,capability landing at neutral cost; the multicast win never came
experiments/fused-training-megakernel/IMPROVEMENTS.md,1133,unknown,executor,In-kernel valid-label reciprocal OP_INV_VALID,nano/small/S128,PROMOTED,-75.3; -93.0; -71.5us 160/160,host per-step computation belongs in wave 0 of the kernel
experiments/fused-training-megakernel/IMPROVEMENTS.md,1141,unknown,executor,Input binding (buftab patch -> launcher-side),S128/nano/small,FLIP-PROMOTED,python patch +15/+19/+8.8 NO-GO; C++ launcher -12.6/-11.7/-22.5 ~198/200,put fast-path plumbing below the Python boundary
experiments/fused-training-megakernel/IMPROVEMENTS.md,1148,Jul7,qwen,Qwen4b-L2 gate-extension lane (cluster + support + head-dX),qwen-l2,PROMOTED,16.21ms->~12.06ms (-26%); dq RS-feed decoupled to L1-only,exact-tuple gates orphan sibling shapes; peel-resweep after cluster promotion
experiments/fused-training-megakernel/IMPROVEMENTS.md,1166,Jul7,gemm-dx,S3072 head-dX TMA gate (promoted then reverted),s3072,SUPERSEDED,promote -7/-10 35-39/40; post-SKR TMA-off faster -16.3/-20.2 40/40,gate's target row re-routed by a later promotion; resweep gates too
experiments/fused-training-megakernel/IMPROVEMENTS.md,1175,Jul7,scheduling,Qwen4b-l2 cold-cap-0 (flipped on then killed by pdf),qwen-l2,NO-GO,pre-pdf -108.9/-49.7 11/16; post-pdf +17.1/+4.9,re-check landed structure between measuring and committing a knob flip
experiments/fused-training-megakernel/IMPROVEMENTS.md,1186,Jul7,executor,df2 region-gating at the qwen class,qwen-l2,NO-GO,df2 vs pdf +772/+1260 0/12; df2 vs df -381/-252 at l2 (mechanism confirmed),mechanism wins don't survive attachment to a superseded executor
experiments/fused-training-megakernel/IMPROVEMENTS.md,1202,Jul7,scheduling,Phase-adaptive cold-cap release MK_COLD_RELEASE_TAIL,qwen-l2,VALIDATED-PARKED,on-path wait 1046.5->542.7us but span +285us; K-sweep order-split,released bandwidth stretches remaining chain spans; default-off instrument
experiments/fused-training-megakernel/IMPROVEMENTS.md,1220,Jul7,precision,S3072 D64 dQ fp32-P pack boundary promotion,s3072,PROMOTED,-10.29 77/80 and -15.39 80/80; forced-old +12.46,reopen boundary shapes after downstream route composition changes
experiments/fused-training-megakernel/IMPROVEMENTS.md,1236,Jul7,executor,pdfg region-watermark gates on pdf executor,qwen-l2,NO-GO,-24.5 (8/16) / +105.4 (5/16) order-split wash; branch archived,WG2 producer feed already absorbs the queue-backlog window
experiments/fused-training-megakernel/IMPROVEMENTS.md,1250,Jul7,gemm-dw,lm dW sink exclusive anatomy,qwen,MEASUREMENT,exclusive 2631us vs nvjet 1015.1; 29.2us/tile vs ~13.5 floor,join-wait budget was in the sink body; open lane spec'd (m128-pair)
experiments/fused-training-megakernel/IMPROVEMENTS.md,1264,Jul7,gemm-dw,m-wider dW pair tiles (shared-B),qwen,REFUTED,m192-pair +8.1/+2.4%; m256 register wall +378%; bare control 2055us,~22% of gap is interpreter tax; rest is mainloop rate (producer-feed class)
experiments/fused-training-megakernel/IMPROVEMENTS.md,1286,P4a,architecture,setmaxnreg reallocation scheduler WG->consumers (ws),all,PROMOTED,mandatory in ws; without it REG:168 STACK:544 +14% both configs,H100 charges regs at 4-warp granularity; needs 90a gencode + entry maxnreg
experiments/fused-training-megakernel/IMPROVEMENTS.md,1300,P4a,architecture,Reallocation split sweep (224/56 vs 240/24 vs 192/64),all,MEASUREMENT,224/56 best; 240/24 NO-GO; 512-thr 192/64 NO-GO (entry cap STACK:848),size dec targets to the thin path's real register need
experiments/fused-training-megakernel/IMPROVEMENTS.md,1312,Jul6,architecture,Full MK-paper/nvjet producer topology for GEMM,probe,VALIDATED-PARKED,standalone s8192 dX-head 69.1us/497TF = 1.03x nvjet; uniform point REFUTED,one register point per image; harvest loader-decoupling where it fits
experiments/fused-training-megakernel/IMPROVEMENTS.md,1336,Jul6,executor,Producer-df executor (megakernel_pdf 384thr WG2 TMA producer),qwen/s3072/s8192,PROMOTED,qwen-l1 -1056/-1127 12/12; l2 -1511/-1370; s8192 -165 16/16; small +145 NO-GO,per-shape executor mode; producer decouples issue from mma cadence
experiments/fused-training-megakernel/IMPROVEMENTS.md,1356,2026-07-06,architecture,ptxas setmaxnreg REGION IDIOM (CUDA 13.1),all,LAW,inc-on-fallthrough silently compiled at entry cap; idiom form honored (R237),inc body must be branch-scoped ending in return; check max SASS reg index
experiments/fused-training-megakernel/IMPROVEMENTS.md,1375,Jul6,attention-dkv,dkv stage ablation ladder,S8192,MEASUREMENT,stage split: ALU 41%; drain 21%; score gemm 6-10%; syncs 28%,ablate before architecting; the obvious gemm target was smallest
experiments/fused-training-megakernel/IMPROVEMENTS.md,1383,Jul6,tma-smem,TMA feed for long-S D64 gemm rings,S3072-S8192,PROMOTED,-24; -30; -15 both orders 15-16/16,elected-thread bulk loads + count-1 expect_tx replace per-thread slices
experiments/fused-training-megakernel/IMPROVEMENTS.md,1393,Jul6,attention-dq,dq cross-stage ping-pong,S3072-S8192,NO-GO,+3/+13/+32 scales with S,dq accum drain already hidden; extra batches steal sibling tensor-pipe slots
experiments/fused-training-megakernel/IMPROVEMENTS.md,1404,Jul6,attention-dkv,dkv LSE/Drow stage prefetch,S8192,PROMOTED,-55..-64 3 clean pairs both orders; +1KB smem,scalar gmem loads were chain links on the per-stage ALU pass
experiments/fused-training-megakernel/IMPROVEMENTS.md,1412,Jul6,executor,Single-image 240/24 producer-df shell at short-S,nano/small,NO-GO,shell tax small +156.8/+137; nano +42.4/+45.8 0/40,residency of 4 extra warps taxes the latency-bound regime; per-shape routing law
experiments/fused-training-megakernel/IMPROVEMENTS.md,1433,Jul6,tma-smem,D64 TMA resweep at excluded shapes,S2048,PROMOTED,S2048 -24 gate widened; S1024/small/nano exclusions upheld,fence/expect_tx amortizes only at K=S>=2048; test the mechanism boundary
experiments/fused-training-megakernel/IMPROVEMENTS.md,1441,Jul6,attention-fwd,fwd stage ablation (6 variants SASS-verified),S8192,MEASUREMENT,ALU 42.6% (exp 72% of it); PV drain 28% exposed/12% real; syncs 17%,accumulator-dead wgmma gets narrowed by ptxas; verify with SASS
experiments/fused-training-megakernel/IMPROVEMENTS.md,1449,Jul6,fusion,Partials-fed RMSNORM_BWD_DX (bit16),small/S4096,NO-GO,+6/+8 and +1/+7 both orders; target bucket -29 but dX gemm +40,epilogue xn loads are cold and land on the on-chain gemm
experiments/fused-training-megakernel/IMPROVEMENTS.md,1459,Jul7,scheduling,Post-burst scheduler-knob resweep (20 arms),all,MEASUREMENT,zero flips; band optima sharp +-25% = +30..+490us,a clean pass closes the knob space until the next structural change
experiments/fused-training-megakernel/IMPROVEMENTS.md,1467,Jul7,scheduling,s3072 bwd-band T20 (resweep flip post-p-pack),s3072,FLIP-PROMOTED,-12.8/-5.4 both orders,band budgets couple to per-stage op cost
experiments/fused-training-megakernel/IMPROVEMENTS.md,1472,Jul7,scheduling,nano idle_ns 64->32 (post-tmared),nano,PROMOTED,~2-7us order-consistent 4/4 windows at 120 reps,sub-6us verdicts need 120+ reps and order consistency
experiments/fused-training-megakernel/IMPROVEMENTS.md,1477,Jul7,lm-head,small lm-head EVICT_FIRST tmastore gate widening,small,PROMOTED,-14.9/-22.3 38-39/40; forced-off +24.8/+22.2; s1024 wash,force-probe a peer mechanism's unmeasured shape cells
experiments/fused-training-megakernel/IMPROVEMENTS.md,1486,unknown,measurement,STACK-is-not-runtime,all,LAW,STACK/res-usage is a smell never certification,
experiments/fused-training-megakernel/IMPROVEMENTS.md,1487,unknown,measurement,Absorption ledger,all,LAW,8 strikes and counting,op-local savings off the critical path don't move the step
experiments/fused-training-megakernel/IMPROVEMENTS.md,1490,unknown,measurement,Innermost-frame attribution,all,LAW,ncu lineinfo must use innermost inline frame,outermost collapses everything onto the dispatch line
experiments/fused-training-megakernel/IMPROVEMENTS.md,1492,unknown,measurement,First-run-after-build artifact,all,LAW,nano +286 fluke on fresh extension variant,rerun before believing any single-process outlier
experiments/fused-training-megakernel/IMPROVEMENTS.md,1495,unknown,measurement,Cross-binary noise band,small,LAW,+-40-130us sensitivity to unrelated codegen shifts,same-binary env A/Bs or same-day controls only
experiments/fused-training-megakernel/IMPROVEMENTS.md,1498,unknown,measurement,Baseline honesty (the SDPA 3-D bug),all,WITHDRAWN,honest gaps restated nano 1.95x / small 2.52x,SDPA silently math-decomposed in every v3 measurement; profile the baseline too
experiments/fused-training-megakernel/IMPROVEMENTS.md,1508,unknown,measurement,Fresh process per config,all,LAW,in-process S=256 baseline 2121us vs honest 608,torch.compile dynamic-shape recompiles poison multi-config processes
experiments/fused-training-megakernel/IMPROVEMENTS.md,1514,unknown,measurement,Timing instrumentation footguns,all,LAW,clock64 per-SM only; fp32 globaltimer diffs read exactly 0,subtract globaltimer stamps in int64 before float conversion
experiments/fused-training-megakernel/IMPROVEMENTS.md,1520,P0,measurement,The gap model,nano,MEASUREMENT,243us on-path wait (13.6%) + 1542us on-path span; hops 2-7us,split every hop into wait vs span before choosing a lever
experiments/fused-training-megakernel/IMPROVEMENTS.md,1527,unknown,measurement,Latency-bound verdict (nsys gpu-metrics in window),all,MEASUREMENT,SM issue 19%; warps in flight 12%; DRAM <10%,killed the bandwidth-contention framing; interpreter latency-bound at 1/8 occupancy
experiments/fused-training-megakernel/IMPROVEMENTS.md,1534,unknown,measurement,Both-order + confirmation gate,all,LAW,CE exp2 reversed on promoted order; ceskip -2.6 became +19.4,a one-order win is noise until proven otherwise
experiments/fused-training-megakernel/IMPROVEMENTS.md,1542,unknown,infra-process,GPU hygiene (co-tenancy + private build dirs),all,LAW,sglang co-tenants poisoned medians twice; local GPU reads 1.6-1.8x high,a timing without environment guards is not a measurement
experiments/fused-training-megakernel/IMPROVEMENTS.md,1551,unknown,measurement,Resweep law,all,LAW,S8192 SwiGLU flip worth 11x the average recent promotion,structural changes invalidate old knob verdicts; re-run cheap env sweeps
experiments/fused-training-megakernel/IMPROVEMENTS.md,1560,unknown,measurement,Periodic full certification,all,LAW,uniform dispatch-spill tax +22..+624us invisible to paired A/Bs,paired A/Bs measure deltas not drift; bisect regressions by runtime
experiments/fused-training-megakernel/IMPROVEMENTS.md,1568,unknown,infra-process,Knob consolidation + route snapshots,all,PROMOTED,~12 scattered per-shape gates -> one table (56ab960),hash-verified route-preserving refactor across all 11 gauntlet shapes
experiments/fused-training-megakernel/IMPROVEMENTS.md,1576,Jul7,scheduling,s3072/s4096 post-SKR knob resweep (R4),s3072/s4096,MEASUREMENT,all defaults stand; chains ATTN_DQ-wait-bound 305/536us,knob nudges reshuffle slack not throughput; escalate marginals to 120 reps
experiments/fused-training-megakernel/IMPROVEMENTS.md,1588,Jul7,gemm-dx,OP_SKR_REDUCE fatter chunks (claim-tax hypothesis),s3072/s4096,NO-GO,chunk 8192/16384/32768 all +-3us 17-26/40,536us ATTN_DQ wait-slack absorbs on-path hop savings; check the wait column
experiments/fused-training-megakernel/IMPROVEMENTS.md,1599,Jul7,fusion,s2048 qkrope-n128 (post-pdf resweep flip),s2048,FLIP-PROMOTED,-13.7 119/120 / -11.1 114/120; forced-old +15.9/+16.3,pdf-d64 feed restructured the schedule; re-probe rejected route boundaries first
experiments/fused-training-megakernel/IMPROVEMENTS.md,1611,Jul7,gemm-dx,Head-dX n128 TMA reduce-add direct drain,head-dX,NO-GO,audit-blocked: non-F32 UBLKRED compiled in launchable images,cp.reduce.async.bulk source shape is part of the contract
experiments/fused-training-megakernel/IMPROVEMENTS.md,1620,Jul7,measurement,Meter honesty: per-op gap under-claim root-caused,all,PROMOTED,gemm_dw 0.6x win is really 0.6..5.2x,profile bucket is a bound not a value; quote dual-bound matrix at anchor/mode
experiments/fused-training-megakernel/IMPROVEMENTS.md,1633,Jul7,executor,CUDA-graphed cooperative step (make_graphed_step),all,PROMOTED,+8..17us/step recoverable at all 12 shapes both executors,mk arm paid Python step + pybind + coop launch per step; baselines replay graphs
experiments/fused-training-megakernel/IMPROVEMENTS.md,1643,Jul7,attention-dq,dQ bulk-red drain gate map completed,nano/s1024/s2048/s3072,PROMOTED,-2..-23us both orders; small order-mixed NO-GO; s8192 refuted +98/+100,removing off-path pressure amplifies on-path wait laws
experiments/fused-training-megakernel/IMPROVEMENTS.md,1653,Jul7,rowop,RMS dX H256 S-map completed,s2048/s3072,PROMOTED,s3072 -13us 40/40; map wins 128/512/1024/2048/3072/8192 losses 256/4096,exposure is not S-monotone; complete the S-map before generalizing
experiments/fused-training-megakernel/IMPROVEMENTS.md,1661,Jul7,gemm-dw,dW SK1 no-atomic mid/long-S,s2048-s8192,PROMOTED,-24..-39us each 40/40 or 31/32; s1024 wash,off-path sink removal frees issue slots the attention chain absorbs
experiments/fused-training-megakernel/IMPROVEMENTS.md,1669,Jul7,attention-dq,s2048 dQ float2-store,s2048,NO-GO,default-first -6..-7 102-104/120 but variant-first coin flips,order-asymmetric win is an allocator/layout artifact
experiments/fused-training-megakernel/IMPROVEMENTS.md,1676,Jul8,architecture,Native microbatches=,short-S,PROMOTED,s128 n=4 385.5 vs 492.9us; s256 n=3 1.890x family max; graphed merged 342.1us/seq,second DAG fills claim+idle troughs; grad adds must be inside the CUDA graph
experiments/fused-training-megakernel/IMPROVEMENTS.md,1689,Jul8,measurement,Post-burst certified scoreboard @ 05e9e97,all,MEASUREMENT,floor deep 1.267x; frontier s8192 1.942x; small 1.533x (-296us),batch-commit the promoted gate set then re-cert immediately
experiments/fused-training-megakernel/IMPROVEMENTS.md,1696,Jul8,itax-dag,Interpreter machinery floor measured in-model (itax),all,MEASUREMENT,nop-body floors s128 261.8..deep 717.3us = 8-36% of step; 74-79% claim+idle,floor = critical_path x ~3.4-4.0us/hop; short/deep are machinery-bound
experiments/fused-training-megakernel/IMPROVEMENTS.md,1709,Jul8,itax-dag,Release-atomic accounting publish MK_ACCT_RELEASE_ATOM,deep,NO-GO-CORRECTNESS,wlm accum grad rel 1041/5730 both orders,the accounting fence is load-bearing for data visibility not counts
experiments/fused-training-megakernel/IMPROVEMENTS.md,1720,Jul8,architecture,In-kernel AXPY grad-sum tail (microbatch interleave),deep/nano,PROMOTED,deep n=2 -82us; nano wash; deep n=3 +248 REFUTED,cold-sink capacity is a budget; re-measure tail insertions at every n
experiments/fused-training-megakernel/IMPROVEMENTS.md,1727,Jul8,scheduling,Cold-cap post-landing resweep family,small/s2048,FLIP-PROMOTED,small 48->0 -10..-15us; s2048 0->33 -5..-7; five shapes stand,resweep the cap where landings moved the contention/serialization boundary
experiments/fused-training-megakernel/IMPROVEMENTS.md,1738,Jul8,infra-process,_access_sets fused-CE lse-partials write fix,all,PROMOTED,route-identical; fixed deterministic -6.6e-3 mbi loss drift,every fused epilogue must register its buffer args in _access_sets
experiments/fused-training-megakernel/IMPROVEMENTS.md,1747,2026-07-08,executor,Default-pdf local-memory attribution + MK_PDF_SHELL_SMEM,s2048/qwen,VALIDATED-PARKED,4.83M local-LD -> 4.11M with fix; stall ceiling ~2.1%; default-off,shell claim-state rehydrates through local at the 240/24 point; broad noinline made it worse
experiments/fused-training-megakernel/IMPROVEMENTS.md,1764,Jul8,executor,pdf shell smem-state default at exact qwen4b-l1,qwen-l1,PROMOTED,-27.94/-32.29us 49/60+50/60 both orders; old loses +14.77/+23.79,ABI call boundary owns the local traffic; gate per shape (s8192 loses)
experiments/fused-training-megakernel/IMPROVEMENTS.md,1780,Jul8,fusion,S1024 fused-qkrope n128 force,s1024,NO-GO,+29.26us 0/40 and +7.52 6/40,S2048+ qkrope-n128 boundary is a regime boundary; keep closed below it
experiments/fused-training-megakernel/IMPROVEMENTS.md,1790,Jul8,fusion,S1024 SSQ-off current-stack stale check,s1024,NO-GO,default-first +6.94 10/80; variant-first -12.58 79/80,construction-order artifact; keep the default
experiments/fused-training-megakernel/IMPROVEMENTS.md,1800,Jul8,fusion,S1024 n128 residual+SSQ direct epilogue,s1024,NO-GO,default-first +3.34 25/80; variant-first -16.86 80/80,a direct epilogue winning one build order only is not a default
experiments/fused-training-megakernel/IMPROVEMENTS.md,1809,Jul8,attention-fwd,S1024 current-stack FWD w128 refresh,s1024,NO-GO,default-first +18.51 0/40; variant-first +1.22 16/40,two-ring body loses PV-overlap and pays the 120KB carveout
experiments/fused-training-megakernel/IMPROVEMENTS.md,1821,Jul8,executor,S1024 forced pdf/D64/feed composition,s1024,NO-GO,order-mixed +12.74 1/8 / -1.90 6/8; attn-pdf-feed import fails,no hidden current-stack win; extension-load contract broken
experiments/fused-training-megakernel/IMPROVEMENTS.md,1837,Jul8,attention-fwd,S1024 FWD GQA64 paired-row body,s1024,NO-GO,default-first +2.70 37/80; variant-first -14.14 80/80,SASS grew +3576 lines; construction-order sensitive
experiments/fused-training-megakernel/IMPROVEMENTS.md,1850,Jul8,attention-dkv,S1024 DKV P/dS-ring stage pipeline,s1024,NO-GO,+69.82 and +54.91us 0/2 smoke both orders,148KB carveout + fatter body erase overlap benefit; stack 96->368
experiments/fused-training-megakernel/IMPROVEMENTS.md,1864,Jul8,gemm-dx,S1024 MLP dX static-body current-stack refresh,s1024,NO-GO,default-first +5.18 6/40; variant-first -17.47 40/40,strong one-op win but step-level construction-order sensitive
experiments/fused-training-megakernel/IMPROVEMENTS.md,1877,Jul8,attention-dq,Qwen D128 rowsplit dQ descriptor precompute,qwen,NO-GO,HGMMA/ARRIVE/DEPBAR all 1080->1080 unchanged,descriptor materialization alone doesn't move ptxas' barrier cadence
experiments/fused-training-megakernel/IMPROVEMENTS.md,1888,Jul8,qwen,Qwen NT standalone frontier refresh,qwen,MEASUREMENT,probe n256 2447.7us vs integrated qwen4b-L2 NT bucket 1763.7us,target the production supertile context not the stale standalone probe
experiments/fused-training-megakernel/IMPROVEMENTS.md,1899,Jul8,qwen,Qwen NT supertile wait-distance,qwen,NO-GO,DEPBAR cadence unchanged 1080->1080; timing skipped,ptxas preserves WGMMA dependency-barrier cadence despite source-level delayed wait
experiments/fused-training-megakernel/IMPROVEMENTS.md,1915,Jul8,attention-dq,Qwen D128 rowsplit dQ C1 full-seed retry,qwen,NO-GO,x40 default-first +15.26 16/40; variant-first -0.19 22/40 flat,correct body and strong SASS but not promotion-grade timing
experiments/fused-training-megakernel/IMPROVEMENTS.md,1929,Jul8,qwen,Qwen NT supertile CE-store single-pass,qwen,NO-GO,SASS gate failed: +3184 lines +416 PRMT; no math reduction; timing skipped,ptxas grows permutation/control SASS instead of fusing duplicate conversion
experiments/fused-training-megakernel/IMPROVEMENTS.md,1946,Jul8,attention-dkv,S8192 DKV P/dS STSM staging,s8192,NO-GO,+10.21 4/16 and +14.18 0/16 despite STSM 0->40,DKV-only store issue is not a profitable path
experiments/fused-training-megakernel/IMPROVEMENTS.md,1956,Jul8,scheduling,S8192 DQ tail ready-order priority,s8192,NO-GO,DQ tail wait ~431->~3us but totals +67.52/+104.86,realized path moved to sibling ATTN_DKV waits
experiments/fused-training-megakernel/IMPROVEMENTS.md,1969,Jul8,scheduling,S8192 tail-pair ready-order priority,s8192,NO-GO,tail wait 3268->~30us but +135.6 dkv_first / +127.0 dq_first,path moved to larger DQ ntiles=240 sibling waits ~358-360us
experiments/fused-training-megakernel/IMPROVEMENTS.md,1983,Jul8,scheduling,S8192 DQ-family ready-order priority,s8192,NO-GO,DQ C3 wait 298.760->~2.8us but +105.9/+66.4; span +70.9/+129.2,single-family adjacency priority closed; need whole sibling-fanout contract
experiments/fused-training-megakernel/IMPROVEMENTS.md,1996,Jul8,scheduling,S8192 hot-ring fair-quantum executor policy,s8192,NO-GO,wait sums 4926->1032 / 2340->424 but +201.9; on-path span +1629,fair pass fragments long attention bodies onto long C3 DQ rows
experiments/fused-training-megakernel/IMPROVEMENTS.md,2011,Jul8,qwen,Qwen NT descriptor-fidelity singleton-drain probe,probe,ROUTE-AWAY,all .tnspB/K/MN descriptor variants stayed grouped {16:4},operand form alone insufficient to reproduce production singleton drain
experiments/fused-training-megakernel/IMPROVEMENTS.md,2023,Jul8,qwen,Qwen NT production-embedding reproducer preflight,probe,NOTE,production pair2k hist {1:24} vs standalone controls {16:4},singleton drain proven inside the real production supertile body
experiments/fused-training-megakernel/IMPROVEMENTS.md,2039,Jul8,qwen,Qwen NT body-embedding standalone SASS probe,probe,SASS-PROOF,all bodyembed variants {1:64}; descriptor control still {16:4},translation-unit code shape alone triggers singleton drain
experiments/fused-training-megakernel/IMPROVEMENTS.md,2053,Jul8,qwen,Qwen NT code-shape collapse ablation preflight,probe,NOTE,grouped descriptor {16:4} vs bodyembed direct {1:64},start ablation from the grouped source; one difference per variant
experiments/fused-training-megakernel/IMPROVEMENTS.md,2062,Jul8,qwen,Qwen NT manual code-shape ablation,probe,INVALID,manual copy singleton-drained in all baseline repair attempts,not source-identical enough for causal conclusions
experiments/fused-training-megakernel/IMPROVEMENTS.md,2072,Jul8,qwen,Qwen NT exact-source mutation probe,probe,ROUTE-AWAY,helper-removal and tid/store mutations all still grouped {16:4},the trigger is in larger bodyembed context; keep exact imported baseline
experiments/fused-training-megakernel/IMPROVEMENTS.md,2086,Jul8,qwen,Qwen NT exact-source body-context probe,probe,SASS-PROOF,call_inline_wrapper flips {16:4}->{1:64} gsb0=128; fresh-cache reproduced,selected forceinline wrapper call around pair2k issue is the collapse trigger
experiments/fused-training-megakernel/IMPROVEMENTS.md,2099,Jul8,qwen,Qwen NT direct in-body production issue,qwen,NO-GO,focused SASS byte-identical; hist {1:16} max=1 unchanged,ordinary production C++ spellings closed as a cadence fix
experiments/fused-training-megakernel/IMPROVEMENTS.md,2113,Jul8,attention,Small attention inline D64 WGMMA bodies,small,NO-GO,HGMMA=196 DEPBAR=196 {1:196} unchanged; stack 32->128; no timing,function-attribute inlining alone is not a cadence fix; frame cliff
experiments/fused-training-megakernel/IMPROVEMENTS.md,2128,Jul9,precision,s2048 precision sibling 2^3 lattice (rs/qp/kp),s2048,PROMOTED,triple -36.6/-23.5us 40/40 both orders; rs*kp -6.3 qp*kp -3.6 super-additive,screen compositions wherever a sibling set shares a data path
experiments/fused-training-megakernel/IMPROVEMENTS.md,2139,Jul9,precision,Partial-gate precision completion resweep,s1024/s3072/s4096,FLIP-PROMOTED,s3072 +rs+kp -36.0/-34.8; s4096 +qp+kp -56.3/-54.4 40/40; two verdict-rot flips; s1024 closed,resweep refuted knobs as compositions after structural landings
experiments/fused-training-megakernel/IMPROVEMENTS.md,2150,Jul9,precision,kp (DKV FP32-P) completion at rs+qp shapes,s8192/deep,PROMOTED,s8192 -103.3/-109.4; deep -19.7/-23.6 40/40 both; s128/s256 flat,kp value tracks total DKV wait mass; gate by the bucket not the shape family
experiments/fused-training-megakernel/IMPROVEMENTS.md,2162,Jul9,precision,Mid-S prebias completion + s8192 bulk-red recheck,s3072/s2048/s8192,PROMOTED,prebias s3072 -13.4 (40/40+39/40); bulk-red refutation reconfirmed +94/+86 0/40,composition recheck upgrades a mechanism NO-GO to conservation-grade
experiments/fused-training-megakernel/IMPROVEMENTS.md,2174,Jul9,precision,Composed precision-default validation (6c9ecab),s2048-s8192/deep,PROMOTED,forced-old loses everywhere (s8192 +98.6/+98.6); composed ~-219us vs -262 naive sum,never sum per-knob deltas into a promotion claim; one forced-old validation per shape
experiments/fused-training-megakernel/IMPROVEMENTS.md,2186,Jul9,precision,Second-ring completion: DQ float2 holes + prebias@small,deep/s1024/s2048/s4096/small,NO-GO,four float2 holes genuine no-go; prebias@small flip -11.6/-4.8 later reverted as null-band FP,composition-rot is data-path-local; resweep shared-path knobs first
experiments/fused-training-megakernel/IMPROVEMENTS.md,2196,Jul9,attention-fwd,Fwd-knob mid-S completion (expfold/mask_split/dediverge),s3072,PROMOTED,mask_split -16.6/-12.2 40/40 both; expfold FULL OVERLAP so land mask_split alone,the composed cell decides between overlapping siblings
experiments/fused-training-megakernel/IMPROVEMENTS.md,2206,Jul9,precision,Payload v2.1 final validation,s3072/small,PROMOTED,s3072 forced-old +46.0/+52.4 0/40 (total ~-49us); prebias@small reverted null,forced-old validation is the FP filter; weak-order bar = ~9us null band
experiments/fused-training-megakernel/IMPROVEMENTS.md,2219,Jul9,measurement,Post-payload residual re-profile (5 shapes),s2048-s8192/deep,MEASUREMENT,s4096 DKV wait 465->218 now balanced 330/326; s8192 DQ 1751->1629 remains #1; s2048 flat,re-profile before picking the next lane not after it fails
experiments/fused-training-megakernel/IMPROVEMENTS.md,2228,Jul9,attention-fwd,expfold@s4096 x80 escalation,s4096,NO-GO,x40 -7.8/-2.8 evaporated at x80: +3.4 (21/80) / -0.9 (39/80),escalate reps inside the noise band before promoting or deferring
