experiments/fused-training-megakernel/NOTES.md,35,v0,measurement,full-model gradient parity + SGD sanity,nano+small,MEASUREMENT,loss <2e-3 rel; every grad within 2.2% max-rel; 40-step SGD 9.05->5.6,it learns
experiments/fused-training-megakernel/NOTES.md,45,v0,measurement,v0 scoreboard vs eager/compile/CUDAGraph,nano+small,MEASUREMENT,nano 2.53ms vs graph 0.83; small 12.0ms vs 2.99,median of 50
experiments/fused-training-megakernel/NOTES.md,50,v0,tma-smem,fp32 wmma smem strides must be multiples of 4,all,PROMOTED,silent corruption otherwise,correctness fix
experiments/fused-training-megakernel/NOTES.md,51,v0,gemm-fwd,vectorized coalesced tile loads for all four GEMM layouts,all,PROMOTED,+2x,
experiments/fused-training-megakernel/NOTES.md,52,v0,executor,instruction lookup scans offsets only,all,PROMOTED,104B struct copy per scan step dominated many-instruction waves,
experiments/fused-training-megakernel/NOTES.md,54,v0,rowop,warp-parallel qk-norm with smem-staged grad atomics,all,PROMOTED,global-atomic contention on tiny [D] grad buffers was 8% of step,
experiments/fused-training-megakernel/NOTES.md,56,v0,gemm-dw,split-K dW GEMMs,all,PROMOTED,16-tile matrices on 264 blocks were 6% occupancy,
experiments/fused-training-megakernel/NOTES.md,57,v0,gemm-fwd,register-prefetch pipelining in GEMM K-loop,all,PROMOTED,single-buffered loads latency-bound ~33us/wave,
experiments/fused-training-megakernel/NOTES.md,62,v1,executor,dataflow (df) executor replaces wave barriers,nano+small,PROMOTED,nano 2.53->1.93-1.99ms; small 12.0->9.8ms,naive ring scanning slower than waves; sticky-instr fast path + consumed head
experiments/fused-training-megakernel/NOTES.md,70,v1,attention-dkv,attention bwd split over GQA members + kv-chunks with fp32 atomic workspaces,nano+small,PROMOTED,dKV worst-instr 190us->47us,plus convert op
experiments/fused-training-megakernel/NOTES.md,71,v1,attention,warp-parallel softmax rows in attention fwd/bwd-recompute,all,PROMOTED,,
experiments/fused-training-megakernel/NOTES.md,72,v1,lm-head,split-K-to-fp32-scratch for K=8192 dlogits@Wlm gemm,small,PROMOTED,145us->~40us,
experiments/fused-training-megakernel/NOTES.md,74,v1,ce,single-pass online CE,all,PROMOTED,,
experiments/fused-training-megakernel/NOTES.md,74,v1,rowop,16K vectorized fill/convert chunks,all,PROMOTED,,
experiments/fused-training-megakernel/NOTES.md,74,v1,attention,per-layer fp32 attention workspaces,all,PROMOTED,shared workspace had chained layers through its zero-fill,
experiments/fused-training-megakernel/NOTES.md,75,v1,gemm-fwd,cp.async BK=64 gemm rewrite with col_major fragments,nano+small,NO-GO,in-model ~10% loss vs 1-deep register-prefetch BK=32,suspect LDSM on col_major ld=72; real answer is Hopper wgmma/TMA
experiments/fused-training-megakernel/NOTES.md,80,v1,measurement,v1 scoreboard,nano+small,MEASUREMENT,nano 1.93-1.99ms small 9.8ms vs graph 0.83/3.0,
experiments/fused-training-megakernel/NOTES.md,85,v1,measurement,launch-bound crossover sweep,S128+S256+deep,MEASUREMENT,S256 1.49 vs 0.72ms; S128 1.20 vs 0.62; deep-L12 4.07 vs 2.08,no crossover; chain floor ~13us/op at S128
experiments/fused-training-megakernel/NOTES.md,92,v2,gemm-fwd,from-scratch wgmma m64n128k16 probe,standalone,SCAFFOLD,~39ns per m64n128k16 = ~94% per-SM tensor peak,GmmaDescriptors over no-swizzle K-major INTER; sm_90a
experiments/fused-training-megakernel/NOTES.md,97,v2,gemm-fwd,data-dependent ScaleOut ternary serializes every wgmma,standalone,LAW,~2.5us each = 60x slow; branch-free ScaleOut::One over zeroed regs fixes,
experiments/fused-training-megakernel/NOTES.md,101,v2,gemm-fwd,NT gemms routed through 128x128 two-warpgroup wgmma tile,nano+small,PROMOTED,gains ~nil nano / ~4% small; kernel to 255 regs -> 1 block/SM,per-instr fixed costs ~20us vs ~140ns of mma
experiments/fused-training-megakernel/NOTES.md,107,v2,scheduling,direct successor handoff in scheduler,nano+small,NO-GO,+14% step time,mechanism unclear
experiments/fused-training-megakernel/NOTES.md,110,v2,measurement,v2 round-1 scoreboard,nano+small,MEASUREMENT,nano 2.00ms small 9.5ms vs graph 0.82/3.0,
experiments/fused-training-megakernel/NOTES.md,116,v2,architecture,CODA epilogue-fusion blueprint survey,none,NOTE,gemm_swiglu paired column halves; ColVecStore LSE/rstd; swiglu-bwd standalone even in CODA,CuTeDSL host dispatch ~50-100us caveat
experiments/fused-training-megakernel/NOTES.md,134,v2,architecture,hand-written SASS to unlock cuBLAS reuse,none,CLOSED-BY-ANALYSIS,disassembled kernels are frozen whole-kernel images,SASS remains a read/audit tool
experiments/fused-training-megakernel/NOTES.md,141,v2,gemm-fwd,m64n64 wgmma retile + smem-staged vectorized epilogue,nano+small,PROMOTED,nano 1.93->1.85ms; small ~9.3ms,32 accumulators; two warpgroups share B loads
experiments/fused-training-megakernel/NOTES.md,144,v2,executor,__launch_bounds__(256;2) occupancy trade,nano+small,NO-GO,nano +16% (spills 360B stack); small -7%,kept unbounded; real resolution is setmaxnreg warp spec
experiments/fused-training-megakernel/NOTES.md,148,v2,fusion,per-head qk-RMSNorm+RoPE fused into qkv gemm epilogue (bit8),nano+small,PROMOTED,kills 1 chain instr/layer,D=64 only; WG_BN==64==head_dim makes norm tile-local
experiments/fused-training-megakernel/NOTES.md,155,v2,measurement,v2 round-2 scoreboard,nano+small,MEASUREMENT,nano 1.85 vs 0.84 (2.2x); small 9.3 vs 3.0 (3.1x),
experiments/fused-training-megakernel/NOTES.md,162,v2,gemm-dx,MN-major wgmma descriptor validated (all four majors + split-K),standalone,SCAFFOLD,SBO=128B mn-group stride; LBO=k-group stride,parity-tested; first guess faulted out-of-range shared address
experiments/fused-training-megakernel/NOTES.md,170,v2,gemm-dx,route backward NN/TN gemms through wgmma,nano+small,NO-GO,nano 1.85->2.05ms; small 9.3->10.3ms,fixed costs dominate at these tile counts; reverted to NT-only; closes roadmap arithmetic
experiments/fused-training-megakernel/NOTES.md,181,v2,measurement,v2 round-3 scoreboard,nano+small,MEASUREMENT,nano 1.85 / small 9.28 vs 0.83/3.0,
experiments/fused-training-megakernel/NOTES.md,185,v2,attention-fwd,split-KV attention forward + flash-decoding combine (C=4),nano+small,VALIDATED-PARKED,nano neutral ~1.85ms; small +5%,combine chain hop + partial-tensor traffic outweigh latency saving; attn_C=1; ops retained
experiments/fused-training-megakernel/NOTES.md,208,P0,measurement,gap model correction: wait vs span decomposition,nano+small,LAW,nano 1.79ms = 243us wait (13.6%) + 1542us span (86.4%); small 16.1/83.9; hops 3.1-9us,gap is intrinsic op latency not per-instr cost x chain depth
experiments/fused-training-megakernel/NOTES.md,215,P0,attention,attention is the #1 lever at both configs,nano+small,MEASUREMENT,mk ~650us vs flash 169us nano; ~5.9ms vs ~935us small,
experiments/fused-training-megakernel/NOTES.md,217,P0,measurement,baseline per-kernel decomposition + advantage pool,nano+small,MEASUREMENT,nano 263 kernels 737/133us gap 15.3%; pool ~480-530us >= 291 stop-rule,win arithmetically OPEN
experiments/fused-training-megakernel/NOTES.md,220,P0,measurement,hardened baseline (foreach zeroing + max-autotune + manual capture),nano+small,PROMOTED,nano 828->711us; small 2987->2730us,warmup must run on side stream or AccumulateGrad breaks capture
experiments/fused-training-megakernel/NOTES.md,223,P0,rowop,5 on-path CVT hops found deletable,nano+small,NOTE,112us nano / 346us small,consumers can read fp32 workspaces (dy_f32)
experiments/fused-training-megakernel/NOTES.md,234,P1,rowop,CVT deletion (dy_f32 qknorm-bwd + head rmsnorm-bwd),nano+small,PROMOTED,1888->1833 nano; 9391->9275 small,
experiments/fused-training-megakernel/NOTES.md,235,P1,fusion,Drow fused into dOatt gemm epilogue (bit10),nano+small,PROMOTED,1841/9230,per-layer drow buffers
experiments/fused-training-megakernel/NOTES.md,236,P1,fusion,swiglu paired-column tiles (bit9),nano+small,NO-GO,+88/+297,halved gu tiles doubled per-tile serial span
experiments/fused-training-megakernel/NOTES.md,237,P1,fusion,CE/lse partials in lm_head epilogue (bit11),nano+small,PROMOTED,noise-level A/B; cheapens CE hop ~5x for free,kept on
experiments/fused-training-megakernel/NOTES.md,248,P1,fusion,rstd-producer fusion (bit12),none,CLOSED-BY-ANALYSIS,predicted negative by bit9+bit11 data points,not attempted
experiments/fused-training-megakernel/NOTES.md,252,P1,infra-process,check cuobjdump -res-usage on every device-code change,all,LAW,bit9 spilled 320B in wgmma hot path -> silent ~8% uniform slowdown,invisible in tests
experiments/fused-training-megakernel/NOTES.md,255,P1,measurement,discovery: interpreter REG:255 -> 1 block/SM (132 blocks) at committed tip,all,MEASUREMENT,claim_sz 264 heuristic stale; round-3/4 numbers were at 132 blocks,probably since round-3 four-major dispatch
experiments/fused-training-megakernel/NOTES.md,266,P2,executor,warp-spec producer/consumer prototype (ws_probe),standalone,PROMOTED,2.77-2.80us/hop NT vs flat 5.69 / WMMA 10.38; alternating-major 3.69,<=4us gate PASSED; P4 port GO (~215us over 76 hops)
experiments/fused-training-megakernel/NOTES.md,275,P2,executor,winning ws probe config (producer prefetch + producer-side completion + 2x24KB pages + no setmaxnreg),standalone,PROMOTED,producer-side completion worth 13%,plain __pipeline_wait_prior handoff
experiments/fused-training-megakernel/NOTES.md,282,P2,executor,setmaxnreg in ws probe,standalone,NO-GO,dec-to-40/56 spills producer (REG 168 / STACK 80-144),compile recipe: explicit gencode sm_90a + __maxnreg__
experiments/fused-training-megakernel/NOTES.md,292,P2,infra-process,globaltimer stamps: subtract in int64 before float conversion,all,LAW,fp32 granularity ~16ms at 1e14ns; diffs read exactly 0,
experiments/fused-training-megakernel/NOTES.md,303,P3,executor,region-watermark tile deps executor (df2),nano+small,PARKED,df2 = df +300-400us (nano 1853 vs 2158; small 9028 vs 9440),op spans intrinsic-latency-bound; no queueing component to eat; mode=df2 retained
experiments/fused-training-megakernel/NOTES.md,310,P3,executor,unbounded claims through a CAS loop,all,LAW,first cut 2.5x slower; fetch-add fast path recovered half,degrades quadratically with all blocks on one instr
experiments/fused-training-megakernel/NOTES.md,314,P3,executor,event-driven wakeup for parked gated instrs,all,SCAFFOLD,exhausted gated instrs killed out of ring (slot->-3) + re-pushed on watermark raise,Dekker re-check + __threadfence for lost-wakeup race
experiments/fused-training-megakernel/NOTES.md,319,P3,executor,volatile reads on region-counter prefix scan,all,LAW,stale L1 would strand the frontier,final unbounded publish removes deadlock risk
experiments/fused-training-megakernel/NOTES.md,333,P3,attention,qt-outer attention tile order,small,PROMOTED,small df 9268->9028 (-240us),short causal tiles first; kept unconditionally
experiments/fused-training-megakernel/NOTES.md,337,P3,scheduling,claim quantum 264 vs 132,nano+small,PROMOTED,264 beats 132 at small; nano mildly prefers 132,left at 264; per-config knob for P6
experiments/fused-training-megakernel/NOTES.md,339,P3,measurement,post-P3 scoreboard,nano+small,MEASUREMENT,nano 1853 / small 9028 (df) vs hardened 711/2730,
experiments/fused-training-megakernel/NOTES.md,344,P4a,executor,ws scheduler-offload executor (megakernel_ws),nano+small,VALIDATED-PARKED,nano 1938 / small 9198 vs df 1907/8994; register tax alone +97/+385; protocol wins -64/-190 at equal budget,gate not met; protocol right hardware charges; df default
experiments/fused-training-megakernel/NOTES.md,355,P4a,architecture,H100 allocates registers at 4-warp granularity (>256 threads charged 12 warps),all,LAW,288 threads same 168-reg ceiling as 384; first 288-thread build spilled STACK 544 -14%,warp-spec requires setmaxnreg 224/56 + explicit gencode
experiments/fused-training-megakernel/NOTES.md,364,P4a,executor,128B state padding (probe finding transfer test),nano+small,REFUTED,+10..30us in full executor,scans touch 32x more L2 lines
experiments/fused-training-megakernel/NOTES.md,375,P5,attention,FA-class wgmma attention ops (ATTN_FWD/DKV/DQ_WG),nano+small,PROMOTED,standalone fwd 3.34x/5.63x dkv 2.1x/3.3x dq 2.2x/4.9x; nano 1853->1775; small 9028->7118 df / 7024 ws,routed D==64 S%128==0; attention no longer #1 lever
experiments/fused-training-megakernel/NOTES.md,396,P5,tma-smem,single no-swizzle 64x64 smem layout readable under both wgmma majors,all,LAW,every bwd transpose = descriptor change; zero data movement,generic smem stores feeding wgmma need fence.proxy.async.shared::cta
experiments/fused-training-megakernel/NOTES.md,403,P5,executor,dispatch-switch spill tax from integrating new ops,nano+small,MEASUREMENT,df STACK 272->528; ~6% uniform tax on old path,P6 candidate; register diet on bwd ops recovered part
experiments/fused-training-megakernel/NOTES.md,414,P6,measurement,P6.0 re-profile overturns P5 lever list,nano+small,MEASUREMENT,RMSNORM_BWD 132/842us now #1; NN bwd-dX gemms #2 ~426/1515us at 10TF,
experiments/fused-training-megakernel/NOTES.md,420,P6,rowop,batched row ops (MK_ROW_R=8; warp-shuffle reductions; smem-staged dw),nano+small,PROMOTED,nano -117us; small -722us; RMSNORM_FWD 3.3x SWIGLU_BWD 2.1x RMSNORM_BWD 1.35x spans,biggest single round since P5; one atomic per element per 8 rows
experiments/fused-training-megakernel/NOTES.md,428,P6,scheduling,hot/cold criticality ready rings in df,nano+small,PROMOTED,EMBED_FWD wait 91->0; RMSNORM_BWD worst-hop wait 140->4.4us; step -7/-38us,waits became contended spans; flipped experiment 3
experiments/fused-training-megakernel/NOTES.md,434,P6,gemm-dx,split-K fp32 dX routing tile-gated (<32 MN tiles),nano+small,PROMOTED,under old single ring +127/+467; on hot/cold rings nano -27us small ~0,order-of-experiments mattered
experiments/fused-training-megakernel/NOTES.md,441,P6,scheduling,cold_cap (MK_COLD_CAP bound blocks on cold work),nano+small,NO-GO,+/-20us wash both configs,BW contention trades ~1:1 against tail serialization
experiments/fused-training-megakernel/NOTES.md,443,P6,gemm-dx,wgmma NN routing re-run (MK_WGMMA_NN=1),nano+small,NO-GO,+58/+69,round-3 verdict survives new fixed-cost regime
experiments/fused-training-megakernel/NOTES.md,445,P6,attention,DQ/DKV co-scheduling overhead diagnosis,small,CLOSED-BY-ANALYSIS,76 vs 31us standalone is benign; concurrent max ~= sequential sum,stop chasing it
experiments/fused-training-megakernel/NOTES.md,448,P6,executor,ws mode vs df after P6 wins,nano+small,MEASUREMENT,ws 1686/6616 vs df 1627/6356,P6 wins are df-only; hot/cold ws port deferred
experiments/fused-training-megakernel/NOTES.md,451,P6,measurement,P6 round-1 scoreboard,nano+small,MEASUREMENT,nano 1622 / small 6356 (df) vs hardened 712/2735,
experiments/fused-training-megakernel/NOTES.md,455,P6,executor,dispatch spill tax fix: stage claimed Instr into static smem,nano+small,PROMOTED,df STACK 624->336; nano -125us small -484us (~8% both),highest value-per-line change of phase; ws consumers must keep register copy (hangs otherwise)
experiments/fused-training-megakernel/NOTES.md,464,P6,scheduling,claim quantum default 264->132,nano+small,PROMOTED,-27/-237us,old optimum was artifact of expensive claims; MK_CLAIM knob
experiments/fused-training-megakernel/NOTES.md,467,P6,executor,ws lookahead=2 pre-claim race mitigation (default la=1),nano+small,PROMOTED,ws la=1 1633/6291 still behind df,race predates P6; rowop cadence widened window; root-cause deferred
experiments/fused-training-megakernel/NOTES.md,475,P6,measurement,flag-planting scoreboard + fresh-process-per-config rule,6 configs,MEASUREMENT,nano 1468/711 2.06x; small 5626/2730 2.06x; deep 3638/1985 1.83x; S128 2.28x S256 2.03x S1024 2.02x,in-process multi-S bench poisons torch.compile (S256 2121 vs honest 608)
experiments/fused-training-megakernel/NOTES.md,500,P6,rowop,RMSNorm bwd row-gradient reduction (private [row;H] smem partials),nano+small,PROMOTED,nano span ~199->159us; small ~674-682->224us,critical path moved to head/attention/GEMM
experiments/fused-training-megakernel/NOTES.md,516,P6,measurement,post-rmsrow headline benchmark,nano+small,MEASUREMENT,nano 1421/709 2.00x; small 5612/2740 2.05x,
experiments/fused-training-megakernel/NOTES.md,521,P6,attention,attention backward chunk retune (MK_ATTN_DKV_C/DQ_C),S512 family,PROMOTED,dKV Ckv=3 only for S=512; hurts S256/S1024,dQ keeps C=4 S512 / C=2 S1024; env overrides added
experiments/fused-training-megakernel/NOTES.md,527,P6,lm-head,head dX split-K target retune (MK_HEAD_DX_TARGET_TILES),small,SUPERSEDED,sweep 256..2048 no robust default; 384 slightly best one run,superseded by P4b current-base 256 retune
experiments/fused-training-megakernel/NOTES.md,542,P4b,gemm-fwd,deeper wgmma mainloops 3/4-stage + one-in-flight (pipe_probe),small NT,NO-GO,gu ~50us/64TF flat; lm_head ~225->223us; down slower/noise,gate >=1.5x not met; NN probe path had correctness bug (rel 0.095) so NT-only result
experiments/fused-training-megakernel/NOTES.md,555,P4b,gemm-dx,MK_WGMMA_NN=1 recheck,nano+small,NO-GO,nano lost slightly; small neutral,cost reappears as wait/other-op span
experiments/fused-training-megakernel/NOTES.md,563,P6,attention,attention chunk defaults retune after P4b miss,nano+deep+small,PROMOTED,DQ Cq=2 (-60-100us nano/deep); DKV Ckv=1 when nq*(S/128)>=64,bench nano 1406/708 1.99x small 5510/2731 2.02x; wait 618->425us small
experiments/fused-training-megakernel/NOTES.md,592,P4b,tma-smem,SW128/B128 swizzle for wgmma operand slabs,all,PROMOTED,old INTER cp.async stores were 8-way bank-conflicted; limiter was stage fill,attention keeps INTER (descriptor-swap needs no-swizzle symmetry); 1024B-aligned stage bases
experiments/fused-training-megakernel/NOTES.md,602,P4b,gemm-dx,gated NN wgmma routing (gemm_tiles >= MK_WGMMA_NN_MIN=64),nano+small,FLIP-PROMOTED,small GEMMNN 1024x512x3072 516->254us; 1024x1536x512 427->216us; head dX 190->146us; bench 1260/710 1.77x 4465/2731 1.64x,SW128 flips old NN verdict; nano 16-48 tile dX stays WMMA
experiments/fused-training-megakernel/NOTES.md,605,P4b,gemm-dw,TN/dW wgmma routing under SW128,nano+small,NO-GO,dW sinks faster locally but steal bandwidth from on-path chain,MK_WGMMA_TN=1 re-run knob only
experiments/fused-training-megakernel/NOTES.md,609,P4b,attention-dq,post-SW128 ATTN_DQ_WG default Cq=1,nano+small,PROMOTED,Cq=2 over-splits once NN dX no longer main small bottleneck,
experiments/fused-training-megakernel/NOTES.md,638,P4b,gemm-dx,widen dx_split_k to 64-tile dX GEMMs,nano+small,NO-GO,within noise small; forced 64 hurt nano,keep <32 split-K gate
experiments/fused-training-megakernel/NOTES.md,648,P4b,measurement,nsys gpu-metrics sampled inside megakernel window,small,LAW,SM issue 19%; warps in flight 12%; unallocated warp slots 87%; DRAM r+w <10%,latency-bound at 1/8 occupancy; bandwidth-contention framing dead
experiments/fused-training-megakernel/NOTES.md,656,P4b,fusion,Drow (bit10) on the wgmma epilogue,small,PROMOTED,-43us small,warp-per-row reduction; falls under NN >=64-tile gate
experiments/fused-training-megakernel/NOTES.md,659,P4b,rowop,rowop MLP split (2 rows/warp interleaved streams; swiglu __expf),nano+small,PROMOTED,nano -12 small -30; RMSNORM_BWD span 565->467 small; qknorm R16 rejected +142,dw partials fold both rows into one smem slot
experiments/fused-training-megakernel/NOTES.md,665,P4b,ce,op_ce_bwd uint4 IO,small,PROMOTED,CE_BWD 79->46us,V=16384 pass was 2-byte scalar; libm expf kept (peer measured __expf revert)
experiments/fused-training-megakernel/NOTES.md,668,P4b,scheduling,df completion-hint stickiness,nano+small,PROMOTED,~-20us both,chain's next hop starts on warm block; ported from ws hint path
experiments/fused-training-megakernel/NOTES.md,672,P4b,executor,ws hot/cold rings + consumer-owned Instr snapshot,nano,PROMOTED,ws STACK 544->304; nano ws 1633->1399,ws still trails df; non-default
experiments/fused-training-megakernel/NOTES.md,676,P4b,executor,MK_OCC2 (__launch_bounds__(256;2) -> 2 blocks/SM at 128 regs),nano+small,NO-GO,REG:128 STACK:944; nano +32% small +40%,occupancy-via-spill loses; more blocks not the path
experiments/fused-training-megakernel/NOTES.md,680,P4b,architecture,register-lifetime law: register reuse loses to re-reads in 8-warp regime,nano+small,LAW,rmsnorm_bwd single-pass +240us small; qknorm register-dw +58us; both reverted,prefer re-reads + more independent load streams
experiments/fused-training-megakernel/NOTES.md,686,P4b,rowop,rowop claim floor (MK_ROWOP_CLAIM 2/4),small,NO-GO,+275/+838,tail balance beats claim amortization (stream-K physics)
experiments/fused-training-megakernel/NOTES.md,688,P4b,attention,attention loader lane remap (conflict-free stores under INTER),nano+small,NEUTRAL,neutral; kept,strictly fewer smem port cycles; fills hide under mma+softmax
experiments/fused-training-megakernel/NOTES.md,691,P4b,gemm-dw,TN dW wgmma routing re-run under SW128,nano+small,NO-GO,+226/+570,dW gemms are sinks; 2x more BW-hungry sinks steal from chain
experiments/fused-training-megakernel/NOTES.md,693,P4b,attention,attention chunk re-sweeps in-model,nano+small,VALIDATED-PARKED,DKV C=1 / DQ C=2 confirmed optimal in-model; standalone prefers C=2/C=4,in-model optimum is a scheduling optimum not an op optimum
experiments/fused-training-megakernel/NOTES.md,697,P4b,attention,WG attention ops FA-class standalone verdict,small,MEASUREMENT,fwd 35us dKV 45 dQ 30 ~= baseline flash parity; +30-50% in-model tax is global latency environment,attention-internal work not the next lever
experiments/fused-training-megakernel/NOTES.md,702,P4b,infra-process,ws la=1 stall report,small,WITHDRAWN,GPU co-tenancy (sglang server) faked stall signature; clean ws small 4890,retracted with clean-GPU evidence
experiments/fused-training-megakernel/NOTES.md,705,P4b,executor,ws la=2 flip fast-path race fix (ds-acct<2 guard),small,PROMOTED,la=2 stress 200 steps clean (was hang ~1 in 40-120); la=2 still slower (5494 vs 4826),correctness fix; la=1 stays default
experiments/fused-training-megakernel/NOTES.md,715,P4b,infra-process,multi-agent operational lessons,all,LAW,per-session TORCH_EXTENSIONS_DIR; nvidia-smi util guards before/after every timed run; claim board + small commits,inference server invalidated 30 min of numbers
experiments/fused-training-megakernel/NOTES.md,723,P4b,measurement,round-2 scoreboard (hardened baseline),6 configs,MEASUREMENT,nano 1250/711 1.76x; small 4426/2732 1.62x; deep 1.58x; S128 1.72x S256 1.75x S1024 1.71x,
experiments/fused-training-megakernel/NOTES.md,736,P4b,measurement,baseline bug: 3-D SDPA silently math-decomposed at every S,all,PROMOTED,fixed 4-D + enable_gqa; baselines become nano 633 small 1905 S4096 1560 S8192 3120,every v3 hardened number was soft; bench.py fixed at source
experiments/fused-training-megakernel/NOTES.md,754,P4b,measurement,honest gauntlet vs fixed flash baseline,6 configs,MEASUREMENT,nano 1244/631 1.97x; small 4413/1750 2.52x; deep 2.01x; S128 1.86x S256 1.92x S1024 2.11x,win gates restated nano<=0.63ms small<=1.9ms
experiments/fused-training-megakernel/NOTES.md,767,P4b,measurement,long-S crossover claim,S3072-S8192,WITHDRAWN,artifact of quadratic math-attention baseline,vs real flash mk falls further behind as S grows
experiments/fused-training-megakernel/NOTES.md,781,P4b,measurement,crossover S-sweep vs soft baseline,S128-S8192,SUPERSEDED,S3072 1.02x S4096 1.19x S8192 1.68x faster vs soft baseline,retracted by baseline correction; parity verified at S4096/S8192
experiments/fused-training-megakernel/NOTES.md,801,P4b,ce,chunked-CE hardened baseline objection test,S4096+S8192,REFUTED,chunked-CE baseline 5238us S4096 / 17620 S8192 within noise of plain,CE was not the baseline's problem; objection refuted
experiments/fused-training-megakernel/NOTES.md,816,P4b,executor,ws consumer-owned smem Instr snapshot A/B (MK_WS_REGCOPY),small,PROMOTED,-717us vs old register copy; residual ws-vs-df gap = uniform 8-20% per-op 224-reg ceiling tax,P4a register-tax verdict re-confirmed per-op
experiments/fused-training-megakernel/NOTES.md,820,P4b,executor,MPK-topology probe (dedicated scheduler block + gmem mailboxes),standalone,NO-GO,5.09us/hop vs df ~3.0; scheduler-issued prefetch.L2 worse (9.86),two cross-SM signals lose to self-claiming; register-tax escape closed at chain-hop granularity
experiments/fused-training-megakernel/NOTES.md,828,P4b,infra-process,compute-sanitizer df racecheck + synccheck,all,MEASUREMENT,clean,ws reports are by-design lock-free acquire/release handoff
experiments/fused-training-megakernel/NOTES.md,831,P4b,scheduling,MK_CLAIM re-sweep post-SW128,nano+small,NEUTRAL,132 still optimal (66: +366 small; 264: +162),
experiments/fused-training-megakernel/NOTES.md,840,2026-07-04,lm-head,head dX split-K target 512->256,nano+small,PROMOTED,nano 1246.6->1225.3; small 4392.9->4362.5; held after cebwd + hint commits,env knob stays
experiments/fused-training-megakernel/NOTES.md,852,2026-07-04,lm-head,head dX target 256->192 post-DQ retune,small+S4096,PROMOTED,small 4315.7/4313.9 vs 4332.8/4333.2; S4096 4297.5 vs 4315.2; nano neutral,decisive local GPU repeat; env knob stays
experiments/fused-training-megakernel/NOTES.md,862,2026-07-04,attention,post-headtarget attention chunk recheck,nano+small,NEUTRAL,small best at Ckv=1/Cq=1 (4350 vs >=4378); nano Ckv=3 A/B unstable,no default change promoted
experiments/fused-training-megakernel/NOTES.md,873,2026-07-04,attention,long-S attention chunk recheck after flash-baseline fix,S4096+S8192,NEUTRAL,S4096 default won 3 repeats (4373/4325/4345 vs 4417+); S8192 keeps 1/1 (10408 vs 10509/10726),alternating A/B refuted sweep hint
experiments/fused-training-megakernel/NOTES.md,881,2026-07-04,attention-dq,DQ C=1 direct-store epilogue (drop atomicAdd),nano+small+S4096,PROMOTED,S4096 4325.7->4315.4 and 4318.1->4308.5; small 4351.5->4328.0,earlier outer A/B contaminated by sglang and ignored
experiments/fused-training-megakernel/NOTES.md,894,2026-07-04,attention-dq,DQ C=1 register-direct epilogue (skip smem stage/drain),small+S4096,PROMOTED,reverse S4096 4248.1 vs 4314.5; warm-alt 4251.9/4261.1 vs 4293.0/4292.6,real long-S win; smaller short-S gain
experiments/fused-training-megakernel/NOTES.md,909,2026-07-04,attention-dkv,DKV first-pair wgmma x2 batching (MK_ATTN_DKV_X2_SD),nano+small,NO-GO,nano 1145.0->1169.1; small 4325.4->4510.8; DKV span flat,another register-lifetime-law instance; do not merge
experiments/fused-training-megakernel/NOTES.md,918,2026-07-04,attention-dkv,DKV G2 GQA-pair fusion (MK_ATTN_DKV_G2_FUSE),small+S2048+S4096,NO-GO,+221us small +323 S2048 +455 S4096; control 80/80 wins,lost G-parallelism dominates removed K/V reloads and atomic drains
experiments/fused-training-megakernel/NOTES.md,929,2026-07-04,rowop,RMSNorm-bwd four-row fold (MK_RMS_BWD_R4),nano+small,NO-GO,span nano 146.3->126.3 small 466.3->443.9 but step 1244.2->1241.2 / 4344.0->4370.6,local span win did not promote; keep two-row
experiments/fused-training-megakernel/NOTES.md,938,2026-07-04,rowop,RMSNorm bwd dx/dw split ops (default-on),nano+small+S4096,PROMOTED,nano 1266.8->1260.7; small 4507.1->4498.3; S4096 4403.9->4403.1; confirmed variant-first,dw drain removed from critical dependency; adds one cold instr per norm
experiments/fused-training-megakernel/NOTES.md,951,2026-07-04,fusion,Drow-WGMMA route (fused dOatt+Drow through wgmma),small,NO-GO,target span cut to 213.8us but ATTN_DKV_WG grew; 80-step medians noise-level,do not merge without repeatable step-level win
experiments/fused-training-megakernel/NOTES.md,960,2026-07-04,fusion,Drow-WGMMA re-gate on fresh current base,nano+small+S4096,NO-GO,small 4328.3->4367.3; tiny S4096 win not worth short-S loss,leave route isolated
experiments/fused-training-megakernel/NOTES.md,968,2026-07-04,fusion,Drow-WGMMA long-only gate (S>=2048),S4096,PROMOTED,4428.1->4398.3 (19/20 wins); confirm 4443.7->4438.5 (18/20),off for nano/small; earlier small regression was real
experiments/fused-training-megakernel/NOTES.md,980,2026-07-04,rowop,SWIGLU_BWD two-row fold (MK_SWIGLU_BWD_R2),nano+small,NO-GO,span worsened 38.2->51.4 / 323.5->347.4; medians 1240.1->1250.0 / 4352.0->4391.4,keep one row/warp
experiments/fused-training-megakernel/NOTES.md,994,2026-07-04,executor,dual-stream 512-thread asymmetric-register executor,all,NO-GO,ptxas gives setmaxnreg regions no extra budget; whole kernel at 128-reg cap (REG:128 STACK:848),died at the compiler; OCC2 spill signature
experiments/fused-training-megakernel/NOTES.md,999,2026-07-04,executor,mk_tid() op-library indexing enabler,all,PROMOTED,df STACK 144->32,ops run unchanged in any multiple-of-256 block shape; kept
experiments/fused-training-megakernel/NOTES.md,1006,2026-07-04,architecture,register-file accounting: 256 threads x 255 regs = 64K exactly,all,LAW,every add-warps design (ws 224 / occ2 128 / dual 192-64) pays 5-40% spill tax > ~10-15% hideable,eight 255-reg warps is the architecture Pareto point
experiments/fused-training-megakernel/NOTES.md,1011,2026-07-04,gemm-fwd,m64n128 NT wgmma tiles (n128 + NN variant + bit16 residual),nano+small,PROMOTED,small 4252->4095 (NT -146 NN -28); lm_head span 280->194; gu 185->138; nano flat,generalized from peer lm-head-only route 8008126; NN gated >=32 n128 tiles
experiments/fused-training-megakernel/NOTES.md,1025,2026-07-04,scheduling,cold-cap shape gating post-n128,S4096+short,PROMOTED,S4096 cap16 4009.8 vs cap0 3917.8us,default cap16 for S<2048 / uncapped S>=2048; MK_CLAIM 132 + DKV C=1 reconfirmed
experiments/fused-training-megakernel/NOTES.md,1035,2026-07-04,measurement,round-3 scoreboard (fixed flash baseline),8 configs,MEASUREMENT,nano 1205/631 1.91x; small 4105/1766 2.32x; deep 1.74x; S1024 2.17x; S4096 4010/1568 2.56x; S8192 9503/3156 3.01x,day moved small ~14% nano ~3%
experiments/fused-training-megakernel/NOTES.md,1050,2026-07-04,measurement,residual decomposition at small,small,MEASUREMENT,uniform in-model tax 25-50% per op class; gemms ~140TF vs cuBLAS 200+; attention ~1.3x off FA3; waits ~445us,one-register-point-for-all-ops constraint is the remaining ~2x
experiments/fused-training-megakernel/NOTES.md,1063,2026-07-04,scheduling,cold_cap default 0->16 flip,nano+small,FLIP-PROMOTED,small ~4110->4042; nano ~1102->1092,pre-SW128 wash flipped positive once ops got faster
experiments/fused-training-megakernel/NOTES.md,1066,2026-07-04,attention-fwd,FA2-style software-pipelined attention fwd (MK_ATTN_PIPE),small,NO-GO,fwd span 245->297; step +245 small,strike three with pipe_probe + MPK prefetch: overlap/depth machinery costs more than it hides
experiments/fused-training-megakernel/NOTES.md,1073,2026-07-04,tma-smem,dynamic-smem default corrected to 100KB (120KB only under MK_ATTN_PIPE),nano+small+S4096,PROMOTED,nano 1192.7->1185.6; small 4084.6->4079.7; reverse confirms short shapes,
experiments/fused-training-megakernel/NOTES.md,1081,2026-07-04,scheduling,mid-S cold_cap retune (1024<=S<2048 -> cap33),small+S1024,PROMOTED,small -9.3us (15/20); S1024 -2.0us (16/24),caps 16/33/33/0 nano/small/S1024/S4096
experiments/fused-training-megakernel/NOTES.md,1092,2026-07-04,gemm-fwd,n128 short-row auto-gate (all-eligible only when M>=1024),short shapes,PROMOTED,S128 -49.8us (23/24); S256 -19.1 (22/24); nano -9.1; deep -38.1 (19/20),off for M<256; lm-head-only for 256<=M<1024
experiments/fused-training-megakernel/NOTES.md,1103,2026-07-04,lm-head,S2048 head-dX target 96 gate,S2048,PROMOTED,env 96 vs 192 -39.0/-14.4us; patched auto -35.8/-10.4,emits 64 tiles sk=1; small stays 192
experiments/fused-training-megakernel/NOTES.md,1115,2026-07-04,gemm-dw,cold dW split-K target retune (192 for K<2048 / 128 for K>=2048),multi,PROMOTED,nano -57.3/-62.1; small -232.2/-230.4; S2048 -109.6; S4096 -170.6,old implicit 512 over-parallelized off-path TN sinks
experiments/fused-training-megakernel/NOTES.md,1126,2026-07-04,attention,S2048 attention-bwd C=2 gate (H256/S2048 DKV+DQ both),S2048,PROMOTED,-42.4/-30.8us old-vs-new; 135-140/140 wins,individual C=2 and S4096 C=2 regressed; gate S2048/H256 only
experiments/fused-training-megakernel/NOTES.md,1136,2026-07-05,gemm-dw,long-S TN WGMMA dW gate (implicit K>=3072),S3072-S8192,FLIP-PROMOTED,S3072 -54.2; S4096 -106.8; S8192 -332.8; S2048 loses +22,old global no-go stale after dW split-target retune
experiments/fused-training-megakernel/NOTES.md,1148,2026-07-05,fusion,Drow WGMMA default broadening (wherever wgmma_ok accepts),small,PROMOTED,small -24.8/-21.4us (113-134/120-150 wins),old S>=2048 gate stale after n128/dW/TN retunes
experiments/fused-training-megakernel/NOTES.md,1158,2026-07-05,rowop,QKNORM_ROPE_BWD D=64 cache fast path,multi,PROMOTED,nano -6.7us (175/240); small -26.6 (175/180); S2048 -17.7; S4096 -30.5 (126/128),res-usage unchanged; MK_QKBWD_D64_CACHE knob
experiments/fused-training-megakernel/NOTES.md,1171,2026-07-05,lm-head,S3072 head-dX target 96,S3072,PROMOTED,-19.8/-15.5us (112/120; 106/120),96/128 both emit split-K=1
experiments/fused-training-megakernel/NOTES.md,1179,2026-07-05,lm-head,small head-dX target 96,small,PROMOTED,-15.7/-11.8us (98/100; 92/100),target 96 emits sk=1 64 tiles; 128/256 regressed
experiments/fused-training-megakernel/NOTES.md,1186,2026-07-05,rowop,small RMS dx R4 gate flip,small,FLIP-PROMOTED,-9.23us (326/440); default-vs-old -5.23 (310/440),flipped only after qknorm cache + head-dX retunes moved the path
experiments/fused-training-megakernel/NOTES.md,1200,2026-07-05,gemm-dx,nano NN WGMMA threshold 16 (M=512 shapes),nano,PROMOTED,-18.59us (435/480); default-vs-old -19.76 (479/480),64 elsewhere; small/long neutral
experiments/fused-training-megakernel/NOTES.md,1215,2026-07-05,lm-head,nano head-dX target 96 (n128 era),nano,PROMOTED,-14.64us (492/520); default-vs-old -17.06 (445/480),192 over-parallelized 512x256x8192 (sk=12)
experiments/fused-training-megakernel/NOTES.md,1230,2026-07-05,attention-dkv,ATTN_DKV_WG direct-atomic epilogue (skip smem stage+drain),multi,PROMOTED,nano -19.26; small -47.94; S2048 -41.76; S3072 -8.83; S4096 -20.90,res-usage unchanged; MK_ATTN_DKV_DIRECT_ATOMIC knob
experiments/fused-training-megakernel/NOTES.md,1249,2026-07-05,attention,side-path rechecks (MK_ATTN_PIPE; direct fwd WG stores),multi,NO-GO,attn pipe remained strongly negative; fwd direct stores rejected after long-S regressions,
experiments/fused-training-megakernel/NOTES.md,1255,2026-07-05,precision,ATTN_FWD_WG LSE fast-log (__logf),multi,PROMOTED,small -13.92us (219/240); S2048 -12.21; S4096 -11.28; nano neutral; default-vs-old nano -5.84 small -7.58,blast radius WGMMA fwd LSE sites only
experiments/fused-training-megakernel/NOTES.md,1271,2026-07-05,precision,CE_FWD LSE fast-log (MK_CE_FAST_LOG),multi,NO-GO,nano +1.55; small +1.26; S4096 -8.37,CE op lacks shape info to gate nano from S4096 safely
experiments/fused-training-megakernel/NOTES.md,1281,2026-07-05,precision,SWIGLU sigmoid reciprocal (__frcp_rn),multi,NO-GO,small -16.22 but nano +6.74 S4096 +20.16; shape-gated version regressed fallbacks,keep division form
experiments/fused-training-megakernel/NOTES.md,1299,2026-07-05,precision,ATTN_FWD_WG output reciprocal (MK_ATTN_FAST_INV),all,NO-GO-CORRECTNESS,failed 40-step learning sanity (9.0496->7.1534; needs 2.0 drop),per-step parity was in tolerance; keep division
experiments/fused-training-megakernel/NOTES.md,1308,2026-07-05,scheduling,MK_CLAIM sweep post-fast-log,multi,NEUTRAL,132 only safe; small 264 +37.28; S2048 264 +25.01; S4096 264 +115.86,
experiments/fused-training-megakernel/NOTES.md,1315,2026-07-05,scheduling,MK_COLD_CAP retune (1024<=S<2048 cap33->cap48),small+S1024,PROMOTED,small -2.7us (60/100); S1024 -1.9 (67/120),long-S stays uncapped; narrow defensible part
experiments/fused-training-megakernel/NOTES.md,1333,2026-07-05,attention,post-cap48 attention chunk retune (H256/S512 -> DKV3/DQ2),nano+deep,PROMOTED,nano -4.8us (128/180); deep -6.3 (84/120),small changes rejected hard (+66.6/+27.1)
experiments/fused-training-megakernel/NOTES.md,1351,2026-07-05,gemm-dw,cold dW split target retune (96 for K==1024 / 64 otherwise),multi,PROMOTED,target64 nano -27.4 S1024 -14.0 S2048 -15.3 S4096 -75.2 S128 -15.6 S256 -27.5; small 96 -16.5,explicit head-dX targets unchanged
experiments/fused-training-megakernel/NOTES.md,1377,2026-07-05,rowop,rejected rechecks (nano RMS_DX_R4; deep head-dX target48),nano+deep,NO-GO,R4 nano +9.2 deep +9.1; deep target48 +13.2 on confirmation,keep R2 + target96
experiments/fused-training-megakernel/NOTES.md,1385,2026-07-05,scheduling,H256/S1024 cold-cap 48->64,S1024,PROMOTED,-5.4us (93/140),small stays cap48; long-S uncapped
experiments/fused-training-megakernel/NOTES.md,1400,2026-07-05,gemm-dx,S1024 WGMMA NN threshold 32 (M=1024 N=256),S1024,PROMOTED,sweep -102.3us; confirm -108.1 (180/180),score S1024 1338.0 vs graph+ 774.8
experiments/fused-training-megakernel/NOTES.md,1416,2026-07-05,gemm-dx,short-row WGMMA NN threshold 8 (M in {128;256} N=256),S128+S256,PROMOTED,S128 -6.4us (113/180); S256 -7.3 (145/180),M512 stays 16; M1024/N256 stays 32; generic 64
experiments/fused-training-megakernel/NOTES.md,1431,2026-07-05,scheduling,MK_CLAIM resweep post-routes,multi,NEUTRAL,132 kept; S256 claim192 only -2.9 isolated,
experiments/fused-training-megakernel/NOTES.md,1437,2026-07-05,executor,current-head executor-mode rechecks (ws/df2),nano+small,NEUTRAL,ws +78.4/+227.4 (0 paired wins); df2 +229.5/+458.0 (0 wins),df remains default
experiments/fused-training-megakernel/NOTES.md,1446,2026-07-05,rowop,small RMS dx back to R2,small,FLIP-PROMOTED,R2-R4 -9.6us (142/180); nano R4 +13.2; H256/S1024 R4 +15.1,dW/WGMMA route changes moved small path back; H256/S2048 keeps R4
experiments/fused-training-megakernel/NOTES.md,1459,2026-07-05,measurement,post-RMS-retune small no-go recheck batch,small,NO-GO,n128 off +27.4; lm-only +40.0; NN thresholds regress; head-dX 128/192/256 regress; attn chunks +35-96; Drow WMMA +31.4,no second safe default change
experiments/fused-training-megakernel/NOTES.md,1479,2026-07-05,lm-head,S256 head-dX target 64,S256,PROMOTED,-16.5us (167/180); S128 target64 too weak (-4.6),all-in-one gauntlet reproduced Torch recompile-limit pitfall; use fresh-process rows
experiments/fused-training-megakernel/NOTES.md,1501,2026-07-05,gemm-dx,S128 WGMMA NN threshold 4,S128,PROMOTED,-12.4us (100/160),GEMMNN 128x256x256 Drow hops move to WGMMA; S256/nano unchanged
experiments/fused-training-megakernel/NOTES.md,1515,2026-07-05,lm-head,S128 head-dX target 32 (sk=8),S128,PROMOTED,sweep -29.8us; isolated -20.0 (157/180); default-vs-old -14.2 (137/180),
experiments/fused-training-megakernel/NOTES.md,1531,2026-07-05,gemm-dx,rejected S128 dX split side probes (WGMMA split-K in gemm_dx; WMMA target64),S128+S256+nano,NO-GO,dxwg splitk S128 +80.1 S256 +119.4 nano +122.1 (0 wins); target64 -2.4 order-biased,keep gemm_dx split target128
experiments/fused-training-megakernel/NOTES.md,1545,2026-07-05,lm-head,S1024 head-dX target 64 (sk=2),S1024,PROMOTED,-20.2us (96/100); confirm -11.7 (164/180); default-vs-old -12.3 (168/180),score 1283.3 vs 776.7
experiments/fused-training-megakernel/NOTES.md,1563,2026-07-05,attention-dq,S1024 attention DQ chunk 1->2 (DKV2/DQ2),S1024,PROMOTED,-8.1us (92/100); confirm -13.0 (139/180); ordercheck -13.3/-14.1 (158-159/160),fresh score rows noisier than paired delta
experiments/fused-training-megakernel/NOTES.md,1583,2026-07-05,measurement,post-S1024-retune guard checks (DKV direct-atomic; fast-log; qk cache),S1024,MEASUREMENT,old staged-smem +50.5us (200/200 default wins); fast-log -0.2 wash; qkbc +4.7 (134/200),no source route change
experiments/fused-training-megakernel/NOTES.md,1600,2026-07-05,gemm-dw,dW split-target resweep after S1024/S128 retunes,nano+small+S1024,NEUTRAL,nano 48 only -5.7 weak; small 64 +3.6; S1024 64 +3.8,keep K==1024->96 else 64
experiments/fused-training-megakernel/NOTES.md,1609,2026-07-05,scheduling,early dXN_f32 zero-fill in wave 0,nano+S1024+small,NO-GO,nano +3.1us (32/80); S1024 +2.8 (29/80); small -2.2 too weak,keep late zero + wave boundary
experiments/fused-training-megakernel/NOTES.md,1618,2026-07-05,scheduling,nano cold-cap cap16->cap0,nano,PROMOTED,-7.1us (53/70); confirm -6.6 (129/180); default-vs-old -7.2 (146/200),broad S512 rule rejected (deep +10.5)
experiments/fused-training-megakernel/NOTES.md,1633,2026-07-05,attention,S512 attention chunk resweep post-cap0,nano,NEUTRAL,nearby variants -1.0 to +0.4 noise; DKV1/DQ2 +32.3 (2/80),keep DKV3/DQ2
experiments/fused-training-megakernel/NOTES.md,1643,2026-07-05,rowop,post-nano-cap RMS dx R4 recheck,nano+deep+S1024,NO-GO,nano +9.9 (1/120); deep +33.4 (2/100); S1024 +8.9 (12/100),only H256/S2048 R4 gate remains
experiments/fused-training-megakernel/NOTES.md,1650,2026-07-05,scheduling,MK_ALLHOT single-ring policy recheck,nano+small+S1024,NO-GO,nano +34.5 (1/100); small +64.7 (1/80); S1024 +28.9 (0/100),hot/cold split load-bearing; uncapped cold != single ring
experiments/fused-training-megakernel/NOTES.md,1657,2026-07-05,scheduling,MK_CLAIM resweep after nano cap0,nano+small+S1024,NEUTRAL,claim160 -2.4 isolated; small claim160 +189.2 (0/60),keep 132
experiments/fused-training-megakernel/NOTES.md,1664,2026-07-05,lm-head,nano/deep head-dX target resweep after cap0,nano+deep,NEUTRAL,target48/64 medians contaminated (p25/p75 -55/+40); 32/128/192 regressed,keep target96
experiments/fused-training-megakernel/NOTES.md,1671,2026-07-05,scheduling,S128 cold-cap cap0,S128,PROMOTED,-6.2us (165/240); default-vs-old -8.2 (189/220),S256 too weak (-2.4) stays cap16
experiments/fused-training-megakernel/NOTES.md,1684,2026-07-05,attention,S128 attention chunk sweep post-cap,S128+S256,NEUTRAL,4/1 weakened to -4.2 on confirm (134/220); 2/2 +7.0 (66/220),keep DKV2/DQ1
experiments/fused-training-megakernel/NOTES.md,1698,2026-07-05,gemm-fwd,short n128 route recheck,S128+S256,NO-GO,S128 forced n128 +19.3us (1/80); S256 mode1 +21.9 (12/60),keep short-row n128 disabled except lm-head gate
experiments/fused-training-megakernel/NOTES.md,1707,2026-07-05,ce,in-kernel valid-label reciprocal (OP_INV_VALID root instr),multi,PROMOTED,nano -75.3us; small -93.0; S128 -71.5; S256 -69.8; S1024 -79.8 (160/160 each),removes host-side labels>=0 sum from timed step(); prog.run() unchanged
experiments/fused-training-megakernel/NOTES.md,1719,2026-07-05,measurement,post-input-bind focused scoreboard,6 configs,MEASUREMENT,nano 945/635 1.49x; small 3649/1895 1.93x; deep 1.38x; S128 1.53x S256 1.52x S1024 1.60x,morning honest reset was 1.97x/2.52x
experiments/fused-training-megakernel/NOTES.md,1732,2026-07-05,executor,device-side buftab input-binding probe,S128+nano+small,NO-GO,S128 +15.0us; nano +19.1; small +8.8,slower than device copies; needs C++ launcher-side override
experiments/fused-training-megakernel/NOTES.md,1741,2026-07-05,executor,launcher-side input binding (MK_BIND_INPUTS),multi,PROMOTED,S128 -12.6us (199/200); nano -11.7 (197/200); S1024 -12.3; small -22.5 (198/200),step()-only win; falls back for non-canonical inputs
experiments/fused-training-megakernel/NOTES.md,1753,2026-07-05,ce,CE ignore-row skip,nano+small+S1024,NO-GO,branch version small -31.9 but separate-opcode route erased it (-1.8) and S1024 +9.5 (22/200),keep current CE opcodes
experiments/fused-training-megakernel/NOTES.md,1764,2026-07-05,measurement,post-step-path profile refresh,multi,MEASUREMENT,small led by ATTN_DKV 394us GEMMNN 331 SWIGLU 279 ATTN_FWD 262; S1024 by DKV 146 FWD 130,route knobs exhausted; op quality or new scheduler next
experiments/fused-training-megakernel/NOTES.md,1776,2026-07-05,precision,SWIGLU_BWD FMA derivative (fmaf(-sg;sig;sig+sg)),nano+small+S1024,PROMOTED,nano -8.19us (189/200); small -16.80 (194/200); S1024 -10.67 (184/200),narrow op-quality win
experiments/fused-training-megakernel/NOTES.md,1787,2026-07-05,precision,attention masked-exp skip probe (MK_ATTN_MASKED_EXP_SKIP),multi,NO-GO,small +223.23us; nano +31.30; S1024 +65.73; S256 +32.02,branch/predicate cost overwhelms saved SFU work
experiments/fused-training-megakernel/NOTES.md,1803,2026-07-05,precision,attention dS FMA rewrite (MK_ATTN_DS_FMA),multi,NO-GO,S128 -14.24 small -12.24 but S256 +4.62 nano +2.11; gated version regressed protected shapes,keep (dP-Drow)*scale form
experiments/fused-training-megakernel/NOTES.md,1817,2026-07-05,precision,RMSNorm split-dx FMA route (OP_RMSNORM_BWD_DX_FMA; H256/S128 only),S128,PROMOTED,-5.60us (167/200); default-vs-old -5.98 (161/200),broad all-shape rewrite rejected (S256 +5.49 S2048 +9.73)
experiments/fused-training-megakernel/NOTES.md,1834,2026-07-05,precision,ATTN_FWD_WG fast-log restoration,multi,PROMOTED,S128 -9.66 (153/160); nano -9.41 (193/200); small -20.08 (160/160); S2048 -15.15 (120/120),MK_ATTN_FAST_LOG flag had rotted out of attention.cuh
experiments/fused-training-megakernel/NOTES.md,1848,2026-07-05,fusion,Drow n128 WGMMA epilogue (MK_DROW_WG_N128),multi,NO-GO,S128 +57.79; S256 +62.86; nano +62.78; small +54.42; S1024 +64.37; S2048 +34.30,tile halving didn't pay; route removed
experiments/fused-training-megakernel/NOTES.md,1862,2026-07-05,attention,nano attention chunk DKV3/DQ2 -> DKV2/DQ2,nano,PROMOTED,-4.72us (193/240); default-vs-old -4.99 (195/240),small and long-S retained
experiments/fused-training-megakernel/NOTES.md,1874,2026-07-05,measurement,scoreboard post fast-log/RMS/nano-attention,nano+small,MEASUREMENT,nano 948.6/634.6 1.49x; small 3638.2/1895.1 1.92x,remaining small gap dominated by op quality
experiments/fused-training-megakernel/NOTES.md,1882,2026-07-05,precision,SWIGLU exp2 sigmoid (ex2.approx),multi,NO-GO,S128 -16.08 but small +5.62 S1024 +9.42; gated/templated variants neutral in fresh-process,keep __expf + promoted FMA derivative
experiments/fused-training-megakernel/NOTES.md,1904,2026-07-05,attention-dkv,ATTN_DKV old smem-drain epilogue recheck,multi,NO-GO,default direct-atomic better: S256 -21.52 nano -29.34 small -49.23 S1024 -47.76 S2048 -49.46,keep MK_ATTN_DKV_DIRECT_ATOMIC=1
experiments/fused-training-megakernel/NOTES.md,1913,2026-07-05,rowop,small SwiGLU-BWD two-warps-per-row (OP_SWIGLU_BWD_2W),small,PROMOTED,default-vs-old -12.22us (193/240); fresh-process -5.76 (6/6),six serial I=1536 chunks -> three; other shapes regress/neutral
experiments/fused-training-megakernel/NOTES.md,1938,2026-07-05,precision,post-SwiGLU-2W small RMS dx FMA recheck,small,NO-GO,+2.40us (94/240),FMA route stays H256/S128 only
experiments/fused-training-megakernel/NOTES.md,1947,2026-07-05,rowop,small SwiGLU-BWD four-warp split,small,NO-GO,+10.46us (36/240),reverted; keep 2W
experiments/fused-training-megakernel/NOTES.md,1960,2026-07-05,fusion,WGMMA Drow direct-store (single-writer D=64),multi,PROMOTED,S256 -14.62; nano -12.18; small -31.62; S1024 -4.51; S2048 regressed so kept atomic,gate at extension selection D=64 and S<2048
experiments/fused-training-megakernel/NOTES.md,1979,2026-07-05,measurement,post-Drow-direct-store scoreboard,nano+small,MEASUREMENT,nano 932.3/632.1 1.47x; small 3607.3/1904.6 1.89x,-16us nano -31us small vs cfc2fb3
experiments/fused-training-megakernel/NOTES.md,1986,2026-07-05,precision,WGMMA attention exp2.approx (_aex2),multi,PROMOTED,nano -4.93us; small -37.70; S1024 -16.83; S2048 -20.10,gate D=64 S>=512 S%128==0; S128 regressed so excluded
experiments/fused-training-megakernel/NOTES.md,2003,2026-07-05,measurement,post-attention-exp2 scoreboard,nano+small,MEASUREMENT,nano 926.3/635.2 1.46x; small rerun 3586.4/1901.5 1.89x,contaminated small row rerun separately
experiments/fused-training-megakernel/NOTES.md,2013,2026-07-05,precision,lm-head CE partial exp2.approx (_lex2),multi,PROMOTED,S256 -8.32us; nano -19.58; small -56.99; S1024 -36.00; S2048 -65.95,gate V>=8192 V%64==0 S>=256
experiments/fused-training-megakernel/NOTES.md,2033,2026-07-05,measurement,post-lm-head-exp2 scoreboard,nano+small,MEASUREMENT,nano 905.2/632.2 1.43x; small 3542.8/1912.9 1.85x,_lex2 trims ~21us nano ~44us small
experiments/fused-training-megakernel/NOTES.md,2049,2026-07-05,precision,CE forward exp2.approx (_cex2),multi,NO-GO,reversed-order promoted-default check refuted: S128 +18.19 S256 +8.58 nano +7.26 small +7.73,first positive A/B was construction-order artifact; reverted
experiments/fused-training-megakernel/NOTES.md,2068,2026-07-05,measurement,overnight certified scoreboard (both sessions),8 configs,MEASUREMENT,nano 917/634 1.45x; small 3570/1904 1.88x; deep 1.36x; S128 1.55x S256 1.47x S1024 1.55x; S4096 2.13x S8192 2.69x,true 24h movement 1.97->1.45 and 2.52->1.88
experiments/fused-training-megakernel/NOTES.md,2089,2026-07-05,rowop,QKNORM/ROPE-bwd V split row op (MK_QKBWD_SPLIT_V),nano+small,NO-GO,QKNORM span drops (163.0->157.5) but on-path wait rises (20.6->32.3); totals flat/regress,dependency cost of extra row op eats V-copy saving; unmerged
experiments/fused-training-megakernel/NOTES.md,2109,2026-07-05,scheduling,small cold-cap cap16 recheck,small,NEUTRAL,-7.47 then +4.19 order noise,keep cap48
experiments/fused-training-megakernel/NOTES.md,2117,2026-07-05,precision,CE backward ex2.approx (_ceb2),multi,PROMOTED,S1024 -6.27/-5.58us; small -35.65/-34.35; S2048 -16.53/-21.95,gate S>=1024 V>=8192 V%8==0; grad diff worst 0.0096
experiments/fused-training-megakernel/NOTES.md,2138,2026-07-05,measurement,post-CE-backward-exp2 scoreboard,nano+small,MEASUREMENT,nano 917.6/631.2 1.45x; small 3511.9/1906.1 1.84x,~30-35us small attributed to _ceb2
experiments/fused-training-megakernel/NOTES.md,2146,2026-07-05,gemm-dw,TN-WGMMA dW gate broadening (K>=2048 + K=1024 with min(M;N)>=512),small+S2048,PROMOTED,small -77.4/-87.4us; S2048 -28.6/-63.7; short shapes regress +34-44,forced TN routed 33 small dW instrs
experiments/fused-training-megakernel/NOTES.md,2165,2026-07-05,measurement,post-TN-WGMMA-dW scoreboard,nano+small,MEASUREMENT,nano 916.8/628.4 1.46x; small 3428.4/1890.8 1.81x,-83.5us small vs post-CE-BWD row
experiments/fused-training-megakernel/NOTES.md,2172,2026-07-05,precision,SWIGLU_BWD_2W reciprocal recheck,small,NO-GO,+14.6us overall (1/24 wins),keep exact division in 2W body
experiments/fused-training-megakernel/NOTES.md,2183,2026-07-05,precision,small-only attention dS-FMA retest,small,NO-GO,+2.05us median (10/24),do not revive on current head
experiments/fused-training-megakernel/NOTES.md,2195,2026-07-05,lm-head,H256/S2048 head-dX sk=1 no-atomic route,S2048+small,PROMOTED,S2048 -7.70us (19/20); default-vs-old -8.06; small neutral (-0.64),removes zero-fill + atomics when sk_head==1; one fewer instr
experiments/fused-training-megakernel/NOTES.md,2215,2026-07-05,precision,QKNORM/ROPE-bwd D=64 FMA dx,nano+small,NO-GO,nano -0.99 noise; small +2.78 (6/24),keep multiply/subtract expression
experiments/fused-training-megakernel/NOTES.md,2224,2026-07-05,lm-head,small head-dX n128/fp32 no-atomic (flags=4232),small,PROMOTED,-17.57us (20/24); default-vs-old -10.61 (24/32); S2048 +7.17 rejected,wgmma_n128_ok still excludes generic fp32/split-K routes
experiments/fused-training-megakernel/NOTES.md,2244,2026-07-05,measurement,post-head-dX-n128 scoreboard/profile,nano+small,MEASUREMENT,profile 890.6/3439.1us; bench nano 917.8/628.3 1.46x small 3435.0/1914.1 1.79x,no further route knob implied
experiments/fused-training-megakernel/NOTES.md,2254,2026-07-05,fusion,fused Drow/dOatt n128 route (MK_DROW_N128),nano+small,NO-GO,nano +44.51us (0/24); small +61.31 (0/24),tile halving decisively negative
experiments/fused-training-megakernel/NOTES.md,2266,2026-07-05,fusion,fused qkv qk-norm/RoPE n128 route (MK_QKROPE_N128),nano+small,NO-GO,nano +34.34us (0/24); small +25.01 (1/24),
experiments/fused-training-megakernel/NOTES.md,2278,2026-07-05,lm-head,nano head-dX n128 split-K target 48,nano,PROMOTED,-4.04us (14/16); repeat -4.19 (30/32); default-vs-old -4.87 (27/32),targets 64 neutral / 96 regressed
experiments/fused-training-megakernel/NOTES.md,2303,2026-07-05,measurement,post-head-dX-n128-split scoreboard/profile,nano+small,MEASUREMENT,profile 894.0/3473.2us; bench nano 921.0/637.1 1.45x small 3454.7/1915.5 1.80x,paired A/B is route-attribution authority
experiments/fused-training-megakernel/NOTES.md,2314,2026-07-05,gemm-dx,nano MLP/qkv dX n128 split-K (MK_DX_N128_SPLIT),nano,NO-GO,target48 +110.69us (0/16); 64 +160.30; 96 +187.81; 128 +183.49,co-tenant found on local GPU; treat as no-promote evidence
experiments/fused-training-megakernel/NOTES.md,2332,2026-07-05,attention,attention chunk resweep post-n128-split,nano+small,NEUTRAL,nano 1/1 +29.32; small 2/1 +63.72 1/2 +20.32 2/2 +63.90,keep current gates
experiments/fused-training-megakernel/NOTES.md,2344,2026-07-05,scheduling,cold-cap resweep post-head-dX-n128,nano+small,NEUTRAL,all order-biased; small cap16 -6.70 refuted by reverse +8.02,keep nano cap0 small cap48 S1024 cap64 long uncapped
experiments/fused-training-megakernel/NOTES.md,2354,2026-07-05,gemm-dw,dW split-target resweep,nano+small,NEUTRAL,small 64/80 order-only; 128 +60.94 160 +62.88; nano 96 +24.26,keep K==1024->96 else 64
experiments/fused-training-megakernel/NOTES.md,2364,2026-07-05,scheduling,claim-quantum resweep,nano+small,NEUTRAL,small claim96 +267.50 claim160 +131.69 claim192 +102.34,keep 132
experiments/fused-training-megakernel/NOTES.md,2372,2026-07-05,ce,CE ignore-row skip recheck (MK_CE_IGNORE_SKIP),small,NO-GO,first default-vs-old -2.56 (141/240); order repeat +19.39 (34/320),temporary promotion reverted; keep CE opcodes
experiments/fused-training-megakernel/NOTES.md,2388,2026-07-05,fusion,SSQ epilogue recheck (MK_SSQ_FUSE=0),nano+small+S1024,NEUTRAL,S1024 -4.96 refuted by confirmation (+1.97; 191/400),keep SSQ fuse default-on
experiments/fused-training-megakernel/NOTES.md,2399,2026-07-05,rowop,small SwiGLU sigmoid-cache (bf16 cache from fwd feeds 2W bwd),small,PROMOTED,-13.44us (264/320); default-vs-old -8.37 (279/400),removes backward __expf recompute; post score 3509.7/1897.8
experiments/fused-training-megakernel/NOTES.md,2423,2026-07-05,rowop,SwiGLU DSSG doubled cache (silu + dsilu),small,NO-GO,+53.15us combined (3/400),keep smaller sigmoid-only cache
experiments/fused-training-megakernel/NOTES.md,2436,2026-07-05,tma-smem,n128 direct bf16-store (bypass smem accumulator drain),small,NO-GO,+16.77us combined (103/400),keep coalesced smem epilogue
experiments/fused-training-megakernel/NOTES.md,2448,2026-07-05,tma-smem,n128 three-stage cp.async feed (MK_N128_STAGE3),small,NO-GO,+66.62us combined (0/400),first schedule was stage-reuse bug caught by parity; fixed version still loses
experiments/fused-training-megakernel/NOTES.md,2461,2026-07-05,executor,executor-mode recheck post-cache/n128,small,NEUTRAL,df2-df +482.78us (0/320); ws-df +314.10 (0/320),keep mode=df
experiments/fused-training-megakernel/NOTES.md,2469,2026-07-05,executor,df2 hot/cold ready-ring port,small,NO-GO-CORRECTNESS,w2.5 grad drift 0.0825-0.1121 rel vs df across variants,scheduler-race no-go; df2 stays parked
experiments/fused-training-megakernel/NOTES.md,2483,2026-07-05,rowop,H256/S1024 1W SwiGLU sigmoid-cache,S1024,PROMOTED,-20.24us (319/320); promoted default -12.32 (286/320),nano no-change; H256/S2048 rejected (+16.56)
experiments/fused-training-megakernel/NOTES.md,2504,2026-07-05,measurement,post-1W-cache S1024 profile/score,S1024,MEASUREMENT,profile 1218.9us (193.3 wait / 1025.6 span); bench 1237.7/778.0 1.59x,op-quality bound; attention/GEMM/RMS next
experiments/fused-training-megakernel/NOTES.md,2516,2026-07-05,rowop,H256/S1024 cached SwiGLU-BWD 2W,S1024,PROMOTED,-7.92us (278/320); default-vs-old -8.46 (262/320),post profile 1208.2us; score 1228.4/778.0 1.58x
experiments/fused-training-megakernel/NOTES.md,2537,2026-07-05,gemm-dx,S1024 n128 NN recheck (MK_WGMMA_N128_NN_MIN=16),S1024,NO-GO,+24.37us combined (2/320),keep m64n64 NN threshold for H256/S1024
experiments/fused-training-megakernel/NOTES.md,2547,2026-07-05,attention,S1024 attention chunk recheck,S1024,NEUTRAL,1/2 +62.19 (0/240); 2/1 +14.67; 1/1 +61.12; 3/2 +49.47,keep DKV2/DQ2
experiments/fused-training-megakernel/NOTES.md,2556,2026-07-05,rowop,H256/S2048 combined cached SwiGLU-BWD 2W,S2048,PROMOTED,-10.11us (165/192); default-vs-old -5.62 (145/192),cache-only and 2W-only were separate no-gos; combination wins
experiments/fused-training-megakernel/NOTES.md,2578,2026-07-05,rowop,H256/S3072 combined cached SwiGLU-BWD 2W,S3072,PROMOTED,-10.99us (113/128); default-vs-old -15.38 (124/128),
experiments/fused-training-megakernel/NOTES.md,2592,2026-07-05,rowop,H256/S4096 combined cached SwiGLU-BWD 2W,S4096,PROMOTED,-4.21us (59/80); default-vs-old -5.23 (52/80),weaker long-S win; post profile attention-dQ led (922.8us)
experiments/fused-training-megakernel/NOTES.md,2614,2026-07-05,rowop,H256/S8192 cached SwiGLU-BWD 2W boundary,S8192,NO-GO,+47.47us (10/40),cap default at S4096; later FLIPPED post-band (line 3279)
experiments/fused-training-megakernel/NOTES.md,2622,2026-07-05,attention-dq,S2048 attention DQ over-split retest,S2048,NEUTRAL,2/3 +67.41 (0/160); 2/4 +62.40; 1/3 +46.82,keep DKV2/DQ2
experiments/fused-training-megakernel/NOTES.md,2630,2026-07-05,attention,S4096 attention chunk retest,S4096,NEUTRAL,1/2 +77.57 (0/80); 1/3 +125.12; 2/2 +100.21; 2/1 +21.63,keep DKV1/DQ1
experiments/fused-training-megakernel/NOTES.md,2639,2026-07-05,attention-dq,OP_ATTN_DQ_WG S/dP WGMMA x2 batching,S2048+S4096,NO-GO,S2048 +3.87us (28/80); S4096 +14.11 (4/64),dirty sibling kept as no-go evidence only
experiments/fused-training-megakernel/NOTES.md,2651,2026-07-05,rowop,long-shape RMS dx R4 recheck,S2048-S4096,NEUTRAL,S2048 keeps R4 (forced R2 +6.51); S3072 R4 +3.74; S4096 R4 +4.37,gates unchanged
experiments/fused-training-megakernel/NOTES.md,2660,2026-07-05,measurement,S3072 profile/score refresh,S3072,MEASUREMENT,profile 2640.6us; bench 2651.2/1327.3 2.00x,attention-dQ led (569.3us)
experiments/fused-training-megakernel/NOTES.md,2672,2026-07-05,lm-head,H256/S>=3072 head-dX sk=1 no-atomic widening,S3072-S8192,PROMOTED,S3072 -6.48us (66/96); S4096 -10.38 (74/80); S8192 -16.22 (33/40),gate widened to H256/S>=2048 tied to sk_head==1
experiments/fused-training-megakernel/NOTES.md,2686,2026-07-05,measurement,post-head-dX-sk1 long profile/score,S3072+S4096,MEASUREMENT,S3072 2627.4/1329.4 1.98x; S4096 3341.7/1569.5 2.13x,attention-dQ dominates (906.9us S4096)
experiments/fused-training-megakernel/NOTES.md,2700,2026-07-05,scheduling,scheduler idle-poll 32ns for S3072/S4096 (MK_IDLE_NS),S3072+S4096,PROMOTED,S3072 -6.93us (33/40); S4096 -5.89 (28/36); S8192 boundary rejected (+13.22),S8192/S2048 later flipped in post-band
experiments/fused-training-megakernel/NOTES.md,2716,2026-07-05,measurement,post-idle32 long profile/score,S3072+S4096,MEASUREMENT,S3072 2647.5/1341.6 1.97x; S4096 3331.1/1581.2 2.11x,poll cadence exhausted for tested shapes
experiments/fused-training-megakernel/NOTES.md,2731,2026-07-05,attention-dq,attention-dQ C=1 float2 direct-store (_adqf2),S3072+S4096,PROMOTED,probe S3072 -9.68 S4096 -15.95; promoted S3072 -11.46 (36/40) S4096 -7.17 (30/36),grad rel <=1.2e-6; S2048 stays out (noise post-T12)
experiments/fused-training-megakernel/NOTES.md,2748,2026-07-05,attention-dq,S8192 dQ float2 promotion; no broad Cq=1 widening,S8192,PROMOTED,S8192 -29.92us (10/12); S256 +3.90 rejected; S128 refuted on clean repeat (+1.18),_adqf2 gate = S3072/S4096/S8192 only
experiments/fused-training-megakernel/NOTES.md,2759,2026-07-05,measurement,post-attention-dQ-float2 profile/score,S3072+S4096,MEASUREMENT,S4096 3300.2/1586.8 2.08x; S3072 rerun 2610.5/1324.5 1.97x,S3072 3007.4 outlier discarded
experiments/fused-training-megakernel/NOTES.md,2775,2026-07-05,attention-dq,attention-dQ split-mask loop (MK_ATTN_DQ_SPLIT_MASK),S3072+S4096,NO-GO,S3072 +41.98us (0/40); S4096 +45.98 (0/36),keep compact single-loop predicate form; probe reverted
experiments/fused-training-megakernel/NOTES.md,2785,2026-07-05,attention-dkv,attention-dKV direct-atomic float2 (_adkvf2; broad D=64 gate),multi,PROMOTED,nano -5.70; small -39.86 (32/32); S2048 -10.26; S3072 -7.20; S4096 -23.44; S8192 -47.39,grad worst rel 0.0061; full test_model green
experiments/fused-training-megakernel/NOTES.md,2811,2026-07-05,attention-dkv,S128/S256 boundary check for broad dKV float2 gate,S128+S256,MEASUREMENT,S128 -0.85us (94/160); S256 -15.15 (119/120),keep broad D=64/S%128 default
experiments/fused-training-megakernel/NOTES.md,2818,2026-07-05,measurement,post-dkvf2 profiles (short + long),multi,MEASUREMENT,nano 887.9us; small 3448.2; S3072 2578.5 S4096 3325.0 S8192 8415.5,S8192 dQ 3345.9 + fwd 1520.4 on path; dKV off-path
experiments/fused-training-megakernel/NOTES.md,2834,2026-07-05,measurement,fresh-process score refresh post-dkvf2,9 configs,MEASUREMENT,nano 1.45x small 1.82x deep 1.33x S128 1.72x S256 1.49x S1024 1.56x S3072 1.93x S4096 2.12x S8192 2.63x,same-process bench hit TorchDynamo recompile limit; use fresh-process
experiments/fused-training-megakernel/NOTES.md,2845,2026-07-05,attention-dkv,small DKV chunk retune post-float2,small,NEUTRAL,DKV_C=2 +59.58us (0/80); C=3 +55.68 (0/80),keep 1/1
experiments/fused-training-megakernel/NOTES.md,2852,2026-07-05,attention,long-S C=1 straggler diagnosis (standalone scaling probe),S1024-S8192,LAW,bwd ratio vs graph-flash 1.14x S1024 -> 1.63x S3072 -> 2.21x S8192; dkv 2.7us/64-row stage dq 1.9us,makespan = longest causal tile chain; predicts banded chunking; S2048->S3072 jump is Ckv=2->1 flip
experiments/fused-training-megakernel/NOTES.md,2859,2026-07-05,measurement,v1 eager-autograd flash probe numbers,long-S,WITHDRAWN,CPU autograd overhead polluted them,only graph-captured flash numbers valid
experiments/fused-training-megakernel/NOTES.md,2893,2026-07-05,attention,banded attention-bwd chunking (C proportional to band stage count),S2048-S8192,PROMOTED,S2048 -20.6/-16.0us; S3072 -37.0/-42.4; S4096 -80.7/-78.7; S8192 -531.7/-524.6 (all 40/40 or 16/16),largest single long-S win of P4b; gate {2048:16;3072:16;4096:32;8192:32}; commits 06ab5b6+8508a7d
experiments/fused-training-megakernel/NOTES.md,2935,2026-07-05,attention,banding rejected variants,S2048+S8192,NO-GO,S2048 T=32 degenerates to uniform C=1 (+41/+48; 0/40); S8192 T=16 over-splits (-321/-332 worse than T=32),standalone agrees (S8192 dkv 675->420 dq 485->327 at T=32)
experiments/fused-training-megakernel/NOTES.md,2946,2026-07-05,measurement,post-merge long-S scoreboard at 1b4e194,S2048-S8192,MEASUREMENT,S2048 1843.9/1043.3 1.77x; S3072 1.89x; S4096 1.02x->2.02x; S8192 7782.2/3044.8 2.56x,pre-band gaps 1.83/1.97/2.08-2.13/2.63-2.69
experiments/fused-training-megakernel/NOTES.md,2956,2026-07-05,attention,short-S banding,S512+S1024,NO-GO,S1024 T8 neutral (-0.2 then +4.5); S512 T4 +15.2 (2/40); degenerate points +22 to +70,pays only when straggler chain >=32 stages i.e. S>=2048
experiments/fused-training-megakernel/NOTES.md,2968,2026-07-05,attention,band emission order dq_first for S8192 (MK_ATTN_BAND_ORDER),S8192,PROMOTED,-88.4/-105.0us (16/16 both); promoted-vs-lpt -103.2 (16/16) / -74.2 (15/16),do NOT broaden: S2048 +8.9 S3072 +52.7 S4096 +47.3
experiments/fused-training-megakernel/NOTES.md,2984,2026-07-05,attention-fwd,ATTN_FWD_WG banding (flash-decoding q bands + range-limited OP_ATTN_COMBINE),S2048-S8192,PROMOTED,S2048/T16 -19.7; S3072/T32 -45.7; S4096/T32 -4.4/-11.1; S8192/T64 -452.2/-481.5,gate {2048:16;3072:32;4096:32;8192:64}; post S8192 7327.2/3137.1 2.34x; fwd no longer lead span
experiments/fused-training-megakernel/NOTES.md,3011,2026-07-05,attention-fwd,S4096 fwd-band retune T32->T22,S4096,PROMOTED,-23.26/-22.64us (40/40 both); promoted-default beats old by +20.77/+21.71,T24 weaker; S2048 T16 S3072 T32 S8192 T64 unchanged
experiments/fused-training-megakernel/NOTES.md,3029,2026-07-05,attention-onepass,fused one-pass attention bwd (dQ fused into OP_ATTN_DKV_WG),S4096,NO-GO,+118.98us (0/40); ~135MB/layer dQ fp32 atomics at S4096,two-pass K/V re-reads are L2-resident (~4MB << 50MB); store-amplification serializes; scales worse with S; default-off branch kept
experiments/fused-training-megakernel/NOTES.md,3049,2026-07-05,measurement,day-close composed long-S scoreboard at d86b5ce,S2048-S8192,MEASUREMENT,S2048 1.78x; S3072 1.89x; S4096 2.06x; S8192 7327.2/3137.1 2.34x (day start 2.69x),S8192 megakernel -12.7% today; short rows read ~20-40us above paired instrument
experiments/fused-training-megakernel/NOTES.md,3082,2026-07-05,attention,S4096 attention-bwd band budget T32->T29,S4096,PROMOTED,T29 -62.9/-60.4us (40/40 both); T28 -52.1/-53.4,three-band split beats two-band near boundary
experiments/fused-training-megakernel/NOTES.md,3099,2026-07-05,attention,S2048 attention-bwd band budget T16->T12,S2048,PROMOTED,-29.94/-36.69us (40/40 both); promoted-default +34.85/+32.27 old-minus-new,dq_first under T12 still loses (+18.50/+21.31)
experiments/fused-training-megakernel/NOTES.md,3114,2026-07-05,attention,S8192 attention-bwd band budget T32->T40,S8192,PROMOTED,-88.48/-109.62us (12/12 both); promoted-default +75.81/+80.37,band defaults now {2048:12;3072:16;4096:29;8192:40}
experiments/fused-training-megakernel/NOTES.md,3127,2026-07-05,rowop,S8192 QKNORM/ROPE-bwd split-V (post-T40),S8192,PROMOTED,-34.59/-63.47us (15/16; 16/16); promoted-default +42.88/+31.78,correctness hazard fixed: V pass-through must read unslotted dQKV_f32 root (stale kv slot broke w1.3 ~1.03 rel)
experiments/fused-training-megakernel/NOTES.md,3143,2026-07-05,rowop,S4096 QKBWD split-V boundary,S4096,PROMOTED,-16.59/-3.52 then confirm -9.60/-12.38us; promoted-default +28.61/+17.62,
experiments/fused-training-megakernel/NOTES.md,3160,2026-07-05,rowop,S3072 QKBWD split-V boundary,S3072,PROMOTED,-14.67/-8.99 then confirm -11.28/-12.85us; promoted-default +9.17/+15.81,post score S3072 2485.3/1273.2 1.95x
experiments/fused-training-megakernel/NOTES.md,3170,2026-07-05,rowop,S2048 QKBWD split-V boundary,S2048,NEUTRAL,default-first wash (+0.22; 20/40) despite split-first -12.85 (38/40),keep default gate at S3072+
experiments/fused-training-megakernel/NOTES.md,3183,2026-07-05,fusion,SSQ-fuse off default for S3072,S3072,PROMOTED,-5.39/-2.06 then confirm -4.85/-3.38us; promoted-default +3.38/+7.73 old-minus-new,S4096 rejected as order-mixed
experiments/fused-training-megakernel/NOTES.md,3201,2026-07-05,fusion,SSQ S8192 endpoint check,S8192,NEUTRAL,-2.27 then +2.34 order-mixed wash,keep SSQ fused at S8192
experiments/fused-training-megakernel/NOTES.md,3203,2026-07-05,fusion,SSQ-fuse off default for S2048,S2048,PROMOTED,-3.02/-7.63 confirm -10.66/-3.66us; promoted-default +8.37/+3.02,SSQ-off default = exact H256/D64 S2048+S3072 only; post score 1780.9/1044.8 1.70x
experiments/fused-training-megakernel/NOTES.md,3217,2026-07-05,rowop,post-SSQ S2048 split-V recheck,S2048,NEUTRAL,default-first -0.70 wash (19/40),keep split-V at S3072+
experiments/fused-training-megakernel/NOTES.md,3221,2026-07-05,fusion,S2048 Drow direct-store recheck,S2048,NO-GO,forced on +13.58/+3.22us,keep S2048 on atomic Drow epilogue
experiments/fused-training-megakernel/NOTES.md,3226,2026-07-05,attention,post-T29 order no-gos (dq_first; lpt_dq_tie; RMS R4),S4096,NO-GO,dq_first +51.7/+48.1 (0/40); lpt_dq_tie +11.9/+10.3 (2-6/40); RMS R4 +5.4/+5.2,keep S4096 T29 on lpt and RMS dx R2
experiments/fused-training-megakernel/NOTES.md,3240,2026-07-05,attention,S3072 post-composition band retunes,S3072,NEUTRAL,bwd T10-T28 lose/mixed/noise; fwd T20-T48 lose,keep bwd T16 fwd T32
experiments/fused-training-megakernel/NOTES.md,3254,2026-07-05,attention-fwd,attention-combine row batching (R=8 rows/tile; work unit = row x head),S3072-S8192,PROMOTED,S3072 -33.1/-27.9us (0/40 old); S4096 -28.5/-23.6; S8192 -69.5/-46.2,combine was one-row tiles = 2-4k claim-ring transactions; merged fe39656
experiments/fused-training-megakernel/NOTES.md,3266,2026-07-05,precision,fwd-band tiny-T bf16 partial precision note,nano,NOTE,forced T=4 at S512 overshoots grad bar (kn.3 0.0365 vs 0.03),pre-existing; default gates (S>=2048) avoid; store partials fp32 if ever gated short
experiments/fused-training-megakernel/NOTES.md,3279,2026-07-05,rowop,SwiGLU cached 2W at H256/S8192 post-band recheck,S8192,FLIP-PROMOTED,-111.9/-128.3us (16/16 both); promoted-default +128.8/+116.0 (0/16 old),pre-band rejected +47.5; banding rebalanced SM occupancy; S8192 ~7246us
experiments/fused-training-megakernel/NOTES.md,3289,2026-07-05,rowop,RMS dx R4 at H256/S4096 post-band recheck,S4096,NO-GO,+5.6/+8.1us (11/40 each),1.94-wave R2 quantization hypothesis did not pay
experiments/fused-training-megakernel/NOTES.md,3294,2026-07-05,infra-process,re-run cheap env knob sweeps after every structural scheduling change,all,LAW,S8192 flip worth 11x average recent promotion for two A/B runs,
experiments/fused-training-megakernel/NOTES.md,3300,2026-07-05,scheduling,idle32 at S8192 post-band recheck,S8192,FLIP-PROMOTED,8/8 paired runs negative; pooled -11.2us (100/128),pre-band rejected +13.2; idle_ns map {3072;4096;8192}->32
experiments/fused-training-megakernel/NOTES.md,3305,2026-07-05,scheduling,cold_cap 16/33 at S8192,S8192,NEUTRAL,order-mixed wash (+7.4/-4.0; +8.9/-4.0),keep uncapped
experiments/fused-training-megakernel/NOTES.md,3308,2026-07-05,lm-head,head-dx target 96/384 at S8192,S8192,NEUTRAL,neutral-to-mixed (+0.3/-2.0; +4.0/-11.9),keep 192
experiments/fused-training-megakernel/NOTES.md,3313,2026-07-05,scheduling,post-band resweep batch 2 (cold_cap; TN gate; dW target),S2048-S4096,NEUTRAL,cold_cap washes |d|<=3.4us; MK_WGMMA_TN=0 +161.5-173.9 (0/40); DW target192 +166.9-172.0 (0/40),no flips; TN gate + dW 128 target confirmed load-bearing post-band
experiments/fused-training-megakernel/NOTES.md,3322,2026-07-05,scheduling,S2048 idle-poll 32ns,S2048,PROMOTED,-12.13/-14.74us (40/40; 38/40); promoted-default +15.04/+11.34 old-minus-new,idle64 also won less; 128 weaker
experiments/fused-training-megakernel/NOTES.md,3334,2026-07-05,attention-fwd,S8192 fwd-band retune on T40-bwd base,S8192,NEUTRAL,T48 +105.3/+90.2 (0/16); T56 +40.9/+27.7; T72 +398.8 T80 +510.3 (unsplit-straggler cliff),fwd T=64 confirmed sharp optimum; idle16/64 washes
experiments/fused-training-megakernel/NOTES.md,3344,2026-07-05,gemm-fwd,post-band n128 routing recheck,S4096+S8192,NEUTRAL,S4096 N128=0 +132.4/+123.7 (0/40); lm-only +65.7/+54.4; S8192 =0 +423.0/+400.0 (0/16); _NN=0 +33-96,all n128 defaults load-bearing; GPU-2 reads 1.6-1.8x high under clean guards — do not time there
experiments/fused-training-megakernel/NOTES.md,3354,2026-07-05,attention-fwd,combine-R neighbor sweep,S4096+S8192,NEUTRAL,R4 loses (+5.4/+8.0; +15.7/+0.6); R16 order-mixed under promotion bar,keep MK_ATTN_COMBINE_R=8
experiments/fused-training-megakernel/NOTES.md,3360,2026-07-05,attention-dkv,S8192 DKV row-scalar broadcast (MK_ATTN_DKV_ROW_BCAST),S8192,PROMOTED,-10.90/-9.02; confirm -16.85/-13.97us; promoted-default +10.61/+7.60 old-minus-new,exact H256/D64/S8192 gate; later de-promoted (line 3375)
experiments/fused-training-megakernel/NOTES.md,3375,2026-07-06,attention-dkv,row-broadcast recheck after MK_GEMM_MBAR_RING default (31dad00),S8192,SUPERSEDED,forced old beat promoted default -32.43/-30.77us (16/16 both),no longer composes; default gate emptied; env kept for A/B
experiments/fused-training-megakernel/NOTES.md,3384,2026-07-05,measurement,post-row-broadcast S8192 profile/score,S8192,MEASUREMENT,mk 7016.6us vs graph+ 3123.3 (2.25x); DKV 2584.4 (2073.0 wait); FWD 1092.6,row-broadcast real but small; attack DKV wait/dependency structure next
experiments/fused-training-megakernel/NOTES.md,3397,2026-07-05,rowop,S8192 RMSNorm bwd-dx H256 fixed-width op (OP_RMSNORM_BWD_DX_H256),S8192,PROMOTED,-25.10/-43.33us (16/16 both); forced-old +23.33/+26.99,S4096 order-mixed rejected; no runtime H loop/divide
experiments/fused-training-megakernel/NOTES.md,3414,2026-07-05,rowop,H256 S512+S1024 RMS dx H256 route widening,nano+S1024,PROMOTED,nano old-minus-new +2.42/+6.40us (196-260/300); S1024 +15.28/+5.89 (236/240; 197/240),S256 not promoted; gate = H256 S512/S1024/S8192; S128 stays FMA route
experiments/fused-training-megakernel/NOTES.md,3434,2026-07-05,measurement,post-RMS S8192 profile/score,S8192,MEASUREMENT,7156.9 vs 3119.0 (2.29x); DKV 2649.7 (2112.1 wait) FWD 1132.5 lm-head 440.0,DKV wait/dependency structure still bigger target than rowop cleanup
experiments/fused-training-megakernel/NOTES.md,3445,2026-07-05,rowop,S4096 H256/I768 SwiGLU-BWD 3W route,S4096,NO-GO,initial ~-50us both orders but promoted-default confirmation invalidated (old -6.42 faster / +0.38 neutral),source probe reverted; S8192 also neutral-worse
experiments/fused-training-megakernel/NOTES.md,3461,2026-07-05,fusion,H256 S256+S512 Drow zero-fill skip on direct-store route,S256+nano,PROMOTED,S256 +7.89/+1.82us zero-minus-skip; nano +0.93/+2.16,small prefers old fill (+13.74); S1024/S128 order-mixed; atomic shapes keep fill
experiments/fused-training-megakernel/NOTES.md,3486,2026-07-05,infra-process,knob consolidation into one measured per-shape tuning table (56ab960),all,SCAFFOLD,route snapshot hashes IDENTICAL on all 11 gauntlet shapes,pure relocation; keys keep measured gate dimensionality; stale extension-lock gotcha noted
experiments/fused-training-megakernel/NOTES.md,3509,2026-07-05,attention,S8192 post-specialization resweep (bands + idle),S8192,NEUTRAL,bwd T36 +102.0/+104.1 (0/16) T44 +10.7/+22.6; fwd T56 +26.1 T72 +413.3/+417.7; idle64 +1.6/+5.8,all S8192 defaults hold; resweep law satisfied with no changes
experiments/fused-training-megakernel/NOTES.md,3522,2026-07-05,gemm-dx,deep SW128 stages S6/S8/S9 long-K (operator-gap GEMM lane),standalone+multi,NO-GO,S8 standalone 8192x256x8192 187.4->175.8us but 208KB smem tax: nano +6.1 small +42.2 S4096 +67.2 S8192 +94.9,global-page tax dominates per-GEMM win; revisit only with per-op big-smem page or warp-spec producer
experiments/fused-training-megakernel/NOTES.md,3554,2026-07-05,qwen,qwen4b-l1 cold-cap uncap (L==1 H>=1024 V>=32768 -> cap0),qwen4b-l1,PROMOTED,cap48 29432.9us -> cap0 22094.0; cap64 23021.5; confirm both orders,L=1 has no later hot work to overlap giant dW sinks; small caps starve sinks (cap4 215.8ms)
experiments/fused-training-megakernel/NOTES.md,3569,2026-07-05,measurement,post-cap qwen4b-l1 profile,qwen4b-l1,MEASUREMENT,22118.5us; 26 hops; 6883.5 wait; lm-head fwd/dX 4440.0/3553.3; ATTN_FWD 1813.3 ATTN_DQ 1503.3,D=128 WGMMA/FA4-C route is the real attention fix
experiments/fused-training-megakernel/NOTES.md,3578,2026-07-05,attention-dq,generic D=128 attention dQ Cq retune 4->1 (exact qwen shape gate),qwen4b-l1,PROMOTED,Cq1 21948.0 vs Cq4 22089.3us; promoted paired wins 85.1/94.8us old-minus-new,OP_ATTN_DQ 1024 tiles vs 4096; identical loss
experiments/fused-training-megakernel/NOTES.md,3594,2026-07-05,lm-head,lm-head fat-tile staged 128x256 standalone probe,small+S8192+qwen4b-l1,VALIDATED-PARKED,standalone small lm_head 73.9->60.7us S8192 182.8->154.6 qwen 2791.5->2459.0; 160KB page fails cudaErrorCooperativeLaunchTooLarge,do not integrate staged route into single cooperative kernel
experiments/fused-training-megakernel/NOTES.md,3610,2026-07-05,lm-head,100KB direct-store 128x256 variant,small+S8192+qwen4b-l1,MEASUREMENT,small 73.1 vs 72.2 noise; S8192 182.8->193.2 regression; qwen 2784.7->2490.9 win,qwen-specific direct-store candidate only; needs CE/lse partials + 128-col tail before promotion
experiments/fused-training-megakernel/NOTES.md,3623,2026-07-05,lm-head,qwen lm-head direct n256 route (bit14 m64n256 NT + register CE/LSE partials + tail guard),qwen4b-l1,PROMOTED,step 22051.4->21142.3us (+909.1 old-minus-new); span 3528.9->2675.1; tiles 9496->4752,exact (1024;151936;2560) gate; staged n256 stays blocked; broad direct n256 stays rejected
experiments/fused-training-megakernel/NOTES.md,3648,2026-07-05,lm-head,qwen lm-head dX n128 no-atomic route (MK_HEAD_DX_N128_F32),qwen4b-l1,PROMOTED,21204.1->19576.0us (+1628.1); split-atomic variant +1560.9 weaker,sk=1 was paying zero-fill/atomics; env-only check then exact-shape promotion; does not broaden nano/small verdicts
experiments/fused-training-megakernel/NOTES.md,3672,2026-07-05,lm-head,qwen head-dX n256 no-atomic route (MK_HEAD_DX_N256_F32; bit14 NN fp32),qwen4b-l1,PROMOTED,probe n128 2740.9us (290.6TF) -> n256 2126.1 (374.7TF); step 19587.0->18990.3 (+596.7),fat_gemm_nn_probe standalone guardrail; exact (1024;2560;151936) gate
